datetime_local,location_name,latitude,longitude,value,parameter_name,unit_of_measure
2023-01-01 20:00:00,Footscray,-37.803709,144.869342,0.318,SO2,ppb
2023-01-01 20:00:00,Alphington,-37.7784081,145.0306,0.174,SO2,ppb
2023-01-01 20:00:00,Altona North,-37.84455,144.8629,-2.152,SO2,ppb
2023-01-02 20:00:00,Footscray,-37.803709,144.869342,0.057,SO2,ppb
2023-01-02 20:00:00,Alphington,-37.7784081,145.0306,-0.171,SO2,ppb
2023-01-02 20:00:00,Altona North,-37.84455,144.8629,0.87,SO2,ppb
2023-01-03 20:00:00,Footscray,-37.803709,144.869342,0.274,SO2,ppb
2023-01-03 20:00:00,Alphington,-37.7784081,145.0306,0.39,SO2,ppb
2023-01-03 20:00:00,Altona North,-37.84455,144.8629,0.331,SO2,ppb
2023-01-04 20:00:00,Footscray,-37.803709,144.869342,0.68,SO2,ppb
2023-01-04 20:00:00,Alphington,-37.7784081,145.0306,-0.211,SO2,ppb
2023-01-04 20:00:00,Altona North,-37.84455,144.8629,-0.316,SO2,ppb
2023-01-05 20:00:00,Footscray,-37.803709,144.869342,0.595,SO2,ppb
2023-01-05 20:00:00,Alphington,-37.7784081,145.0306,0.121,SO2,ppb
2023-01-05 20:00:00,Altona North,-37.84455,144.8629,2.293,SO2,ppb
2023-01-06 20:00:00,Footscray,-37.803709,144.869342,0.88,SO2,ppb
2023-01-06 20:00:00,Alphington,-37.7784081,145.0306,0.413,SO2,ppb
2023-01-06 20:00:00,Altona North,-37.84455,144.8629,0.81,SO2,ppb
2023-01-07 20:00:00,Footscray,-37.803709,144.869342,0.795,SO2,ppb
2023-01-07 20:00:00,Alphington,-37.7784081,145.0306,0.098,SO2,ppb
2023-01-07 20:00:00,Altona North,-37.84455,144.8629,0.189,SO2,ppb
2023-01-08 20:00:00,Footscray,-37.803709,144.869342,0.925,SO2,ppb
2023-01-08 20:00:00,Alphington,-37.7784081,145.0306,0.272,SO2,ppb
2023-01-08 20:00:00,Altona North,-37.84455,144.8629,0.434,SO2,ppb
2023-01-09 20:00:00,Footscray,-37.803709,144.869342,0.983,SO2,ppb
2023-01-09 20:00:00,Alphington,-37.7784081,145.0306,0.115,SO2,ppb
2023-01-09 20:00:00,Geelong South,-38.17356,144.3703,,SO2,ppb
2023-01-09 20:00:00,Altona North,-37.84455,144.8629,-0.942,SO2,ppb
2023-01-10 20:00:00,Footscray,-37.803709,144.869342,0.081,SO2,ppb
2023-01-10 20:00:00,Alphington,-37.7784081,145.0306,0.564,SO2,ppb
2023-01-10 20:00:00,Geelong South,-38.17356,144.3703,,SO2,ppb
2023-01-10 20:00:00,Altona North,-37.84455,144.8629,0.182,SO2,ppb
2023-01-11 20:00:00,Footscray,-37.803709,144.869342,0.648,SO2,ppb
2023-01-11 20:00:00,Alphington,-37.7784081,145.0306,0.896,SO2,ppb
2023-01-11 20:00:00,Geelong South,-38.17356,144.3703,,SO2,ppb
2023-01-11 20:00:00,Altona North,-37.84455,144.8629,-1.397,SO2,ppb
2023-01-12 20:00:00,Footscray,-37.803709,144.869342,0.22,SO2,ppb
2023-01-12 20:00:00,Alphington,-37.7784081,145.0306,1.339,SO2,ppb
2023-01-12 20:00:00,Altona North,-37.84455,144.8629,-1.727,SO2,ppb
2023-01-13 20:00:00,Footscray,-37.803709,144.869342,0.278,SO2,ppb
2023-01-13 20:00:00,Alphington,-37.7784081,145.0306,0.653,SO2,ppb
2023-01-13 20:00:00,Geelong South,-38.17356,144.3703,-0.643,SO2,ppb
2023-01-13 20:00:00,Altona North,-37.84455,144.8629,-0.418,SO2,ppb
2023-01-14 20:00:00,Footscray,-37.803709,144.869342,0.85,SO2,ppb
2023-01-14 20:00:00,Alphington,-37.7784081,145.0306,0.684,SO2,ppb
2023-01-14 20:00:00,Geelong South,-38.17356,144.3703,-0.823,SO2,ppb
2023-01-14 20:00:00,Altona North,-37.84455,144.8629,-0.506,SO2,ppb
2023-01-15 20:00:00,Footscray,-37.803709,144.869342,-0.085,SO2,ppb
2023-01-15 20:00:00,Alphington,-37.7784081,145.0306,0.834,SO2,ppb
2023-01-15 20:00:00,Geelong South,-38.17356,144.3703,0.565,SO2,ppb
2023-01-15 20:00:00,Altona North,-37.84455,144.8629,0.01,SO2,ppb
2023-01-16 20:00:00,Footscray,-37.803709,144.869342,0.863,SO2,ppb
2023-01-16 20:00:00,Alphington,-37.7784081,145.0306,0.779,SO2,ppb
2023-01-16 20:00:00,Geelong South,-38.17356,144.3703,0.872,SO2,ppb
2023-01-16 20:00:00,Altona North,-37.84455,144.8629,1.132,SO2,ppb
2023-01-17 20:00:00,Footscray,-37.803709,144.869342,0.21,SO2,ppb
2023-01-17 20:00:00,Alphington,-37.7784081,145.0306,-0.13,SO2,ppb
2023-01-17 20:00:00,Geelong South,-38.17356,144.3703,0.145,SO2,ppb
2023-01-17 20:00:00,Altona North,-37.84455,144.8629,0.294,SO2,ppb
2023-01-18 20:00:00,Footscray,-37.803709,144.869342,-0.216,SO2,ppb
2023-01-18 20:00:00,Alphington,-37.7784081,145.0306,1.124,SO2,ppb
2023-01-18 20:00:00,Geelong South,-38.17356,144.3703,-0.618,SO2,ppb
2023-01-18 20:00:00,Altona North,-37.84455,144.8629,-2.082,SO2,ppb
2023-01-19 20:00:00,Footscray,-37.803709,144.869342,-0.51,SO2,ppb
2023-01-19 20:00:00,Alphington,-37.7784081,145.0306,-0.21,SO2,ppb
2023-01-19 20:00:00,Geelong South,-38.17356,144.3703,0.825,SO2,ppb
2023-01-19 20:00:00,Altona North,-37.84455,144.8629,0.053,SO2,ppb
2023-01-20 20:00:00,Footscray,-37.803709,144.869342,1.465,SO2,ppb
2023-01-20 20:00:00,Alphington,-37.7784081,145.0306,1.101,SO2,ppb
2023-01-20 20:00:00,Geelong South,-38.17356,144.3703,2.157,SO2,ppb
2023-01-20 20:00:00,Altona North,-37.84455,144.8629,1.11,SO2,ppb
2023-01-21 20:00:00,Footscray,-37.803709,144.869342,0.581,SO2,ppb
2023-01-21 20:00:00,Alphington,-37.7784081,145.0306,0.694,SO2,ppb
2023-01-21 20:00:00,Geelong South,-38.17356,144.3703,0.614,SO2,ppb
2023-01-21 20:00:00,Altona North,-37.84455,144.8629,-0.391,SO2,ppb
2023-01-22 20:00:00,Footscray,-37.803709,144.869342,0.387,SO2,ppb
2023-01-22 20:00:00,Alphington,-37.7784081,145.0306,0.105,SO2,ppb
2023-01-22 20:00:00,Geelong South,-38.17356,144.3703,0.651,SO2,ppb
2023-01-22 20:00:00,Altona North,-37.84455,144.8629,-0.894,SO2,ppb
2023-01-23 20:00:00,Footscray,-37.803709,144.869342,0.722,SO2,ppb
2023-01-23 20:00:00,Alphington,-37.7784081,145.0306,0.329,SO2,ppb
2023-01-23 20:00:00,Geelong South,-38.17356,144.3703,0.327,SO2,ppb
2023-01-23 20:00:00,Altona North,-37.84455,144.8629,0.235,SO2,ppb
2023-01-24 20:00:00,Footscray,-37.803709,144.869342,0.372,SO2,ppb
2023-01-24 20:00:00,Alphington,-37.7784081,145.0306,-1.047,SO2,ppb
2023-01-24 20:00:00,Geelong South,-38.17356,144.3703,-0.791,SO2,ppb
2023-01-24 20:00:00,Altona North,-37.84455,144.8629,0.758,SO2,ppb
2023-01-25 20:00:00,Footscray,-37.803709,144.869342,0.486,SO2,ppb
2023-01-25 20:00:00,Alphington,-37.7784081,145.0306,0.902,SO2,ppb
2023-01-25 20:00:00,Geelong South,-38.17356,144.3703,-0.314,SO2,ppb
2023-01-25 20:00:00,Altona North,-37.84455,144.8629,-0.911,SO2,ppb
2023-01-26 20:00:00,Footscray,-37.803709,144.869342,0.146,SO2,ppb
2023-01-26 20:00:00,Alphington,-37.7784081,145.0306,0.553,SO2,ppb
2023-01-26 20:00:00,Geelong South,-38.17356,144.3703,2.202,SO2,ppb
2023-01-26 20:00:00,Altona North,-37.84455,144.8629,0.647,SO2,ppb
2023-01-27 20:00:00,Footscray,-37.803709,144.869342,0.584,SO2,ppb
2023-01-27 20:00:00,Alphington,-37.7784081,145.0306,0.365,SO2,ppb
2023-01-27 20:00:00,Geelong South,-38.17356,144.3703,0.649,SO2,ppb
2023-01-27 20:00:00,Altona North,-37.84455,144.8629,0.656,SO2,ppb
2023-01-28 20:00:00,Footscray,-37.803709,144.869342,-0.524,SO2,ppb
2023-01-28 20:00:00,Alphington,-37.7784081,145.0306,-0.34,SO2,ppb
2023-01-28 20:00:00,Geelong South,-38.17356,144.3703,1.271,SO2,ppb
2023-01-28 20:00:00,Altona North,-37.84455,144.8629,-1.075,SO2,ppb
2023-01-29 20:00:00,Footscray,-37.803709,144.869342,-0.051,SO2,ppb
2023-01-29 20:00:00,Alphington,-37.7784081,145.0306,-0.364,SO2,ppb
2023-01-29 20:00:00,Geelong South,-38.17356,144.3703,-0.187,SO2,ppb
2023-01-29 20:00:00,Altona North,-37.84455,144.8629,-0.341,SO2,ppb
2023-01-30 20:00:00,Footscray,-37.803709,144.869342,0.575,SO2,ppb
2023-01-30 20:00:00,Alphington,-37.7784081,145.0306,-0.3,SO2,ppb
2023-01-30 20:00:00,Geelong South,-38.17356,144.3703,1.626,SO2,ppb
2023-01-30 20:00:00,Altona North,-37.84455,144.8629,1.095,SO2,ppb
2023-01-31 20:00:00,Footscray,-37.803709,144.869342,0.405,SO2,ppb
2023-01-31 20:00:00,Alphington,-37.7784081,145.0306,0.806,SO2,ppb
2023-01-31 20:00:00,Geelong South,-38.17356,144.3703,0.977,SO2,ppb
2023-01-31 20:00:00,Altona North,-37.84455,144.8629,-0.456,SO2,ppb
2023-02-01 20:00:00,Footscray,-37.803709,144.869342,0.248,SO2,ppb
2023-02-01 20:00:00,Alphington,-37.7784081,145.0306,0.292,SO2,ppb
2023-02-01 20:00:00,Geelong South,-38.17356,144.3703,2.079,SO2,ppb
2023-02-01 20:00:00,Altona North,-37.84455,144.8629,1.75,SO2,ppb
2023-02-02 20:00:00,Footscray,-37.803709,144.869342,0.653,SO2,ppb
2023-02-02 20:00:00,Alphington,-37.7784081,145.0306,0.09,SO2,ppb
2023-02-02 20:00:00,Geelong South,-38.17356,144.3703,0.15,SO2,ppb
2023-02-02 20:00:00,Altona North,-37.84455,144.8629,-0.671,SO2,ppb
2023-02-03 20:00:00,Alphington,-37.7784081,145.0306,0.011,SO2,ppb
2023-02-03 20:00:00,Geelong South,-38.17356,144.3703,0.55,SO2,ppb
2023-02-03 20:00:00,Altona North,-37.84455,144.8629,-0.126,SO2,ppb
2023-02-04 20:00:00,Alphington,-37.7784081,145.0306,0.903,SO2,ppb
2023-02-04 20:00:00,Geelong South,-38.17356,144.3703,0.802,SO2,ppb
2023-02-04 20:00:00,Altona North,-37.84455,144.8629,1.069,SO2,ppb
2023-02-05 20:00:00,Alphington,-37.7784081,145.0306,-0.487,SO2,ppb
2023-02-05 20:00:00,Geelong South,-38.17356,144.3703,0.786,SO2,ppb
2023-02-05 20:00:00,Altona North,-37.84455,144.8629,0.284,SO2,ppb
2023-02-06 20:00:00,Alphington,-37.7784081,145.0306,0.61,SO2,ppb
2023-02-06 20:00:00,Geelong South,-38.17356,144.3703,1.337,SO2,ppb
2023-02-06 20:00:00,Altona North,-37.84455,144.8629,0.496,SO2,ppb
2023-02-07 20:00:00,Alphington,-37.7784081,145.0306,0.286,SO2,ppb
2023-02-07 20:00:00,Geelong South,-38.17356,144.3703,1.014,SO2,ppb
2023-02-07 20:00:00,Altona North,-37.84455,144.8629,0.51,SO2,ppb
2023-02-08 20:00:00,Alphington,-37.7784081,145.0306,0.192,SO2,ppb
2023-02-08 20:00:00,Geelong South,-38.17356,144.3703,1.535,SO2,ppb
2023-02-08 20:00:00,Altona North,-37.84455,144.8629,0.079,SO2,ppb
2023-02-09 20:00:00,Alphington,-37.7784081,145.0306,0.843,SO2,ppb
2023-02-09 20:00:00,Geelong South,-38.17356,144.3703,0.058,SO2,ppb
2023-02-09 20:00:00,Altona North,-37.84455,144.8629,-1.223,SO2,ppb
2023-02-10 20:00:00,Alphington,-37.7784081,145.0306,0.547,SO2,ppb
2023-02-10 20:00:00,Geelong South,-38.17356,144.3703,-0.599,SO2,ppb
2023-02-10 20:00:00,Altona North,-37.84455,144.8629,-0.362,SO2,ppb
2023-02-11 20:00:00,Alphington,-37.7784081,145.0306,-0.274,SO2,ppb
2023-02-11 20:00:00,Geelong South,-38.17356,144.3703,0.64,SO2,ppb
2023-02-11 20:00:00,Altona North,-37.84455,144.8629,-0.134,SO2,ppb
2023-02-12 20:00:00,Alphington,-37.7784081,145.0306,0.427,SO2,ppb
2023-02-12 20:00:00,Geelong South,-38.17356,144.3703,0.924,SO2,ppb
2023-02-12 20:00:00,Altona North,-37.84455,144.8629,0.611,SO2,ppb
2023-02-13 20:00:00,Alphington,-37.7784081,145.0306,-0.042,SO2,ppb
2023-02-13 20:00:00,Geelong South,-38.17356,144.3703,-0.156,SO2,ppb
2023-02-13 20:00:00,Altona North,-37.84455,144.8629,-0.136,SO2,ppb
2023-02-14 20:00:00,Alphington,-37.7784081,145.0306,0.169,SO2,ppb
2023-02-14 20:00:00,Geelong South,-38.17356,144.3703,0.736,SO2,ppb
2023-02-14 20:00:00,Altona North,-37.84455,144.8629,0.201,SO2,ppb
2023-02-15 20:00:00,Alphington,-37.7784081,145.0306,1.13,SO2,ppb
2023-02-15 20:00:00,Geelong South,-38.17356,144.3703,-0.687,SO2,ppb
2023-02-15 20:00:00,Altona North,-37.84455,144.8629,0.858,SO2,ppb
2023-02-16 20:00:00,Footscray,-37.803709,144.869342,1.767,SO2,ppb
2023-02-16 20:00:00,Alphington,-37.7784081,145.0306,0.394,SO2,ppb
2023-02-16 20:00:00,Geelong South,-38.17356,144.3703,-0.347,SO2,ppb
2023-02-16 20:00:00,Altona North,-37.84455,144.8629,-2.039,SO2,ppb
2023-02-17 20:00:00,Footscray,-37.803709,144.869342,-0.324,SO2,ppb
2023-02-17 20:00:00,Alphington,-37.7784081,145.0306,-1.118,SO2,ppb
2023-02-17 20:00:00,Geelong South,-38.17356,144.3703,0.197,SO2,ppb
2023-02-17 20:00:00,Altona North,-37.84455,144.8629,-1.742,SO2,ppb
2023-02-18 20:00:00,Footscray,-37.803709,144.869342,-0.293,SO2,ppb
2023-02-18 20:00:00,Alphington,-37.7784081,145.0306,0.576,SO2,ppb
2023-02-18 20:00:00,Geelong South,-38.17356,144.3703,1.937,SO2,ppb
2023-02-18 20:00:00,Altona North,-37.84455,144.8629,0.569,SO2,ppb
2023-02-19 20:00:00,Footscray,-37.803709,144.869342,-0.55,SO2,ppb
2023-02-19 20:00:00,Alphington,-37.7784081,145.0306,0.705,SO2,ppb
2023-02-19 20:00:00,Geelong South,-38.17356,144.3703,-0.269,SO2,ppb
2023-02-19 20:00:00,Altona North,-37.84455,144.8629,0.409,SO2,ppb
2023-02-20 20:00:00,Footscray,-37.803709,144.869342,-0.067,SO2,ppb
2023-02-20 20:00:00,Alphington,-37.7784081,145.0306,-0.166,SO2,ppb
2023-02-20 20:00:00,Geelong South,-38.17356,144.3703,1.59,SO2,ppb
2023-02-20 20:00:00,Altona North,-37.84455,144.8629,0.289,SO2,ppb
2023-02-21 20:00:00,Footscray,-37.803709,144.869342,0.474,SO2,ppb
2023-02-21 20:00:00,Alphington,-37.7784081,145.0306,-0.141,SO2,ppb
2023-02-21 20:00:00,Geelong South,-38.17356,144.3703,0.636,SO2,ppb
2023-02-21 20:00:00,Altona North,-37.84455,144.8629,-1.625,SO2,ppb
2023-02-22 20:00:00,Footscray,-37.803709,144.869342,-0.332,SO2,ppb
2023-02-22 20:00:00,Alphington,-37.7784081,145.0306,-0.652,SO2,ppb
2023-02-22 20:00:00,Geelong South,-38.17356,144.3703,0.787,SO2,ppb
2023-02-22 20:00:00,Altona North,-37.84455,144.8629,-0.045,SO2,ppb
2023-02-23 20:00:00,Footscray,-37.803709,144.869342,2.575,SO2,ppb
2023-02-23 20:00:00,Alphington,-37.7784081,145.0306,0.823,SO2,ppb
2023-02-23 20:00:00,Geelong South,-38.17356,144.3703,0.337,SO2,ppb
2023-02-23 20:00:00,Altona North,-37.84455,144.8629,1.193,SO2,ppb
2023-02-24 20:00:00,Footscray,-37.803709,144.869342,0.101,SO2,ppb
2023-02-24 20:00:00,Alphington,-37.7784081,145.0306,-0.482,SO2,ppb
2023-02-24 20:00:00,Geelong South,-38.17356,144.3703,0.911,SO2,ppb
2023-02-24 20:00:00,Altona North,-37.84455,144.8629,0.559,SO2,ppb
2023-02-25 20:00:00,Footscray,-37.803709,144.869342,0.12,SO2,ppb
2023-02-25 20:00:00,Alphington,-37.7784081,145.0306,-0.052,SO2,ppb
2023-02-25 20:00:00,Geelong South,-38.17356,144.3703,-3.249,SO2,ppb
2023-02-25 20:00:00,Altona North,-37.84455,144.8629,0.041,SO2,ppb
2023-02-26 20:00:00,Footscray,-37.803709,144.869342,-0.473,SO2,ppb
2023-02-26 20:00:00,Alphington,-37.7784081,145.0306,0.252,SO2,ppb
2023-02-26 20:00:00,Geelong South,-38.17356,144.3703,1.418,SO2,ppb
2023-02-26 20:00:00,Altona North,-37.84455,144.8629,0.609,SO2,ppb
2023-02-27 20:00:00,Footscray,-37.803709,144.869342,-0.035,SO2,ppb
2023-02-27 20:00:00,Alphington,-37.7784081,145.0306,0.461,SO2,ppb
2023-02-27 20:00:00,Geelong South,-38.17356,144.3703,0.699,SO2,ppb
2023-02-27 20:00:00,Altona North,-37.84455,144.8629,1.15,SO2,ppb
2023-02-28 20:00:00,Footscray,-37.803709,144.869342,0.768,SO2,ppb
2023-02-28 20:00:00,Alphington,-37.7784081,145.0306,-0.17,SO2,ppb
2023-02-28 20:00:00,Geelong South,-38.17356,144.3703,0.443,SO2,ppb
2023-02-28 20:00:00,Altona North,-37.84455,144.8629,0.476,SO2,ppb
2023-03-01 20:00:00,Footscray,-37.803709,144.869342,-0.382,SO2,ppb
2023-03-01 20:00:00,Alphington,-37.7784081,145.0306,0.186,SO2,ppb
2023-03-01 20:00:00,Geelong South,-38.17356,144.3703,1.787,SO2,ppb
2023-03-01 20:00:00,Altona North,-37.84455,144.8629,0.702,SO2,ppb
2023-03-02 20:00:00,Footscray,-37.803709,144.869342,-0.096,SO2,ppb
2023-03-02 20:00:00,Alphington,-37.7784081,145.0306,-0.44,SO2,ppb
2023-03-02 20:00:00,Geelong South,-38.17356,144.3703,0.277,SO2,ppb
2023-03-02 20:00:00,Altona North,-37.84455,144.8629,-0.752,SO2,ppb
2023-03-03 20:00:00,Footscray,-37.803709,144.869342,0.061,SO2,ppb
2023-03-03 20:00:00,Alphington,-37.7784081,145.0306,0.671,SO2,ppb
2023-03-03 20:00:00,Geelong South,-38.17356,144.3703,1.408,SO2,ppb
2023-03-03 20:00:00,Altona North,-37.84455,144.8629,1.813,SO2,ppb
2023-03-04 20:00:00,Footscray,-37.803709,144.869342,0.089,SO2,ppb
2023-03-04 20:00:00,Alphington,-37.7784081,145.0306,0.252,SO2,ppb
2023-03-04 20:00:00,Geelong South,-38.17356,144.3703,0.202,SO2,ppb
2023-03-04 20:00:00,Altona North,-37.84455,144.8629,-0.154,SO2,ppb
2023-03-05 20:00:00,Footscray,-37.803709,144.869342,0.583,SO2,ppb
2023-03-05 20:00:00,Alphington,-37.7784081,145.0306,0.566,SO2,ppb
2023-03-05 20:00:00,Geelong South,-38.17356,144.3703,1.73,SO2,ppb
2023-03-05 20:00:00,Altona North,-37.84455,144.8629,0.596,SO2,ppb
2023-03-06 20:00:00,Footscray,-37.803709,144.869342,-0.106,SO2,ppb
2023-03-06 20:00:00,Alphington,-37.7784081,145.0306,0.423,SO2,ppb
2023-03-06 20:00:00,Geelong South,-38.17356,144.3703,-0.239,SO2,ppb
2023-03-06 20:00:00,Altona North,-37.84455,144.8629,0.516,SO2,ppb
2023-03-07 20:00:00,Footscray,-37.803709,144.869342,0.213,SO2,ppb
2023-03-07 20:00:00,Alphington,-37.7784081,145.0306,-0.095,SO2,ppb
2023-03-07 20:00:00,Geelong South,-38.17356,144.3703,0.626,SO2,ppb
2023-03-07 20:00:00,Altona North,-37.84455,144.8629,0.497,SO2,ppb
2023-03-08 20:00:00,Footscray,-37.803709,144.869342,0.126,SO2,ppb
2023-03-08 20:00:00,Alphington,-37.7784081,145.0306,0.434,SO2,ppb
2023-03-08 20:00:00,Geelong South,-38.17356,144.3703,0.812,SO2,ppb
2023-03-08 20:00:00,Altona North,-37.84455,144.8629,0.672,SO2,ppb
2023-03-09 20:00:00,Footscray,-37.803709,144.869342,0.049,SO2,ppb
2023-03-09 20:00:00,Alphington,-37.7784081,145.0306,0.183,SO2,ppb
2023-03-09 20:00:00,Geelong South,-38.17356,144.3703,0.845,SO2,ppb
2023-03-09 20:00:00,Altona North,-37.84455,144.8629,-0.28,SO2,ppb
2023-03-10 20:00:00,Footscray,-37.803709,144.869342,0.03,SO2,ppb
2023-03-10 20:00:00,Alphington,-37.7784081,145.0306,1.079,SO2,ppb
2023-03-10 20:00:00,Geelong South,-38.17356,144.3703,0.502,SO2,ppb
2023-03-10 20:00:00,Altona North,-37.84455,144.8629,-0.164,SO2,ppb
2023-03-11 20:00:00,Footscray,-37.803709,144.869342,0.458,SO2,ppb
2023-03-11 20:00:00,Alphington,-37.7784081,145.0306,0.761,SO2,ppb
2023-03-11 20:00:00,Geelong South,-38.17356,144.3703,0.378,SO2,ppb
2023-03-11 20:00:00,Altona North,-37.84455,144.8629,-0.048,SO2,ppb
2023-03-12 20:00:00,Footscray,-37.803709,144.869342,0.876,SO2,ppb
2023-03-12 20:00:00,Alphington,-37.7784081,145.0306,-0.004,SO2,ppb
2023-03-12 20:00:00,Geelong South,-38.17356,144.3703,1.218,SO2,ppb
2023-03-12 20:00:00,Altona North,-37.84455,144.8629,0.027,SO2,ppb
2023-03-13 20:00:00,Footscray,-37.803709,144.869342,0.293,SO2,ppb
2023-03-13 20:00:00,Alphington,-37.7784081,145.0306,0.21,SO2,ppb
2023-03-13 20:00:00,Geelong South,-38.17356,144.3703,1.01,SO2,ppb
2023-03-13 20:00:00,Altona North,-37.84455,144.8629,0.469,SO2,ppb
2023-03-14 20:00:00,Footscray,-37.803709,144.869342,0.338,SO2,ppb
2023-03-14 20:00:00,Alphington,-37.7784081,145.0306,0.113,SO2,ppb
2023-03-14 20:00:00,Geelong South,-38.17356,144.3703,-0.316,SO2,ppb
2023-03-14 20:00:00,Altona North,-37.84455,144.8629,-1.518,SO2,ppb
2023-03-15 20:00:00,Footscray,-37.803709,144.869342,-0.141,SO2,ppb
2023-03-15 20:00:00,Alphington,-37.7784081,145.0306,0.387,SO2,ppb
2023-03-15 20:00:00,Geelong South,-38.17356,144.3703,0.842,SO2,ppb
2023-03-15 20:00:00,Altona North,-37.84455,144.8629,-1.529,SO2,ppb
2023-03-16 20:00:00,Footscray,-37.803709,144.869342,0.278,SO2,ppb
2023-03-16 20:00:00,Alphington,-37.7784081,145.0306,0.535,SO2,ppb
2023-03-16 20:00:00,Geelong South,-38.17356,144.3703,1.023,SO2,ppb
2023-03-16 20:00:00,Altona North,-37.84455,144.8629,-1.153,SO2,ppb
2023-03-17 20:00:00,Footscray,-37.803709,144.869342,0.518,SO2,ppb
2023-03-17 20:00:00,Alphington,-37.7784081,145.0306,0.521,SO2,ppb
2023-03-17 20:00:00,Geelong South,-38.17356,144.3703,0.703,SO2,ppb
2023-03-17 20:00:00,Altona North,-37.84455,144.8629,1.224,SO2,ppb
2023-03-18 20:00:00,Footscray,-37.803709,144.869342,-0.212,SO2,ppb
2023-03-18 20:00:00,Alphington,-37.7784081,145.0306,-0.625,SO2,ppb
2023-03-18 20:00:00,Geelong South,-38.17356,144.3703,0.346,SO2,ppb
2023-03-18 20:00:00,Altona North,-37.84455,144.8629,0.682,SO2,ppb
2023-03-19 20:00:00,Footscray,-37.803709,144.869342,0.183,SO2,ppb
2023-03-19 20:00:00,Alphington,-37.7784081,145.0306,0.715,SO2,ppb
2023-03-19 20:00:00,Geelong South,-38.17356,144.3703,1.728,SO2,ppb
2023-03-19 20:00:00,Altona North,-37.84455,144.8629,1.159,SO2,ppb
2023-03-20 20:00:00,Footscray,-37.803709,144.869342,1.16,SO2,ppb
2023-03-20 20:00:00,Alphington,-37.7784081,145.0306,0.334,SO2,ppb
2023-03-20 20:00:00,Geelong South,-38.17356,144.3703,1.06,SO2,ppb
2023-03-20 20:00:00,Altona North,-37.84455,144.8629,2.789,SO2,ppb
2023-03-21 20:00:00,Footscray,-37.803709,144.869342,-0.073,SO2,ppb
2023-03-21 20:00:00,Alphington,-37.7784081,145.0306,0.55,SO2,ppb
2023-03-21 20:00:00,Geelong South,-38.17356,144.3703,-1.063,SO2,ppb
2023-03-21 20:00:00,Altona North,-37.84455,144.8629,-1.376,SO2,ppb
2023-03-22 20:00:00,Footscray,-37.803709,144.869342,-0.267,SO2,ppb
2023-03-22 20:00:00,Alphington,-37.7784081,145.0306,0.025,SO2,ppb
2023-03-22 20:00:00,Geelong South,-38.17356,144.3703,-0.158,SO2,ppb
2023-03-22 20:00:00,Altona North,-37.84455,144.8629,-1.396,SO2,ppb
2023-03-23 20:00:00,Footscray,-37.803709,144.869342,0.19,SO2,ppb
2023-03-23 20:00:00,Alphington,-37.7784081,145.0306,0.548,SO2,ppb
2023-03-23 20:00:00,Geelong South,-38.17356,144.3703,-0.212,SO2,ppb
2023-03-23 20:00:00,Altona North,-37.84455,144.8629,-0.402,SO2,ppb
2023-03-24 20:00:00,Footscray,-37.803709,144.869342,0.168,SO2,ppb
2023-03-24 20:00:00,Alphington,-37.7784081,145.0306,0.45,SO2,ppb
2023-03-24 20:00:00,Geelong South,-38.17356,144.3703,0.687,SO2,ppb
2023-03-24 20:00:00,Altona North,-37.84455,144.8629,1.019,SO2,ppb
2023-03-25 20:00:00,Footscray,-37.803709,144.869342,-0.453,SO2,ppb
2023-03-25 20:00:00,Alphington,-37.7784081,145.0306,-0.123,SO2,ppb
2023-03-25 20:00:00,Geelong South,-38.17356,144.3703,0.961,SO2,ppb
2023-03-25 20:00:00,Altona North,-37.84455,144.8629,0.523,SO2,ppb
2023-03-26 20:00:00,Footscray,-37.803709,144.869342,1.192,SO2,ppb
2023-03-26 20:00:00,Alphington,-37.7784081,145.0306,1.872,SO2,ppb
2023-03-26 20:00:00,Geelong South,-38.17356,144.3703,1.794,SO2,ppb
2023-03-26 20:00:00,Altona North,-37.84455,144.8629,1.421,SO2,ppb
2023-03-27 20:00:00,Footscray,-37.803709,144.869342,-0.165,SO2,ppb
2023-03-27 20:00:00,Alphington,-37.7784081,145.0306,0.464,SO2,ppb
2023-03-27 20:00:00,Geelong South,-38.17356,144.3703,-0.233,SO2,ppb
2023-03-27 20:00:00,Altona North,-37.84455,144.8629,0.268,SO2,ppb
2023-03-28 20:00:00,Footscray,-37.803709,144.869342,0.742,SO2,ppb
2023-03-28 20:00:00,Alphington,-37.7784081,145.0306,-0.04,SO2,ppb
2023-03-28 20:00:00,Geelong South,-38.17356,144.3703,0.995,SO2,ppb
2023-03-28 20:00:00,Altona North,-37.84455,144.8629,0.368,SO2,ppb
2023-03-29 20:00:00,Footscray,-37.803709,144.869342,-0.031,SO2,ppb
2023-03-29 20:00:00,Alphington,-37.7784081,145.0306,0.478,SO2,ppb
2023-03-29 20:00:00,Geelong South,-38.17356,144.3703,1.242,SO2,ppb
2023-03-29 20:00:00,Altona North,-37.84455,144.8629,-0.263,SO2,ppb
2023-03-30 20:00:00,Footscray,-37.803709,144.869342,-0.322,SO2,ppb
2023-03-30 20:00:00,Alphington,-37.7784081,145.0306,0.744,SO2,ppb
2023-03-30 20:00:00,Altona North,-37.84455,144.8629,2.18,SO2,ppb
2023-03-31 20:00:00,Footscray,-37.803709,144.869342,-0.388,SO2,ppb
2023-03-31 20:00:00,Alphington,-37.7784081,145.0306,0.156,SO2,ppb
2023-03-31 20:00:00,Geelong South,-38.17356,144.3703,0.164,SO2,ppb
2023-03-31 20:00:00,Altona North,-37.84455,144.8629,0.04,SO2,ppb
2023-04-01 20:00:00,Footscray,-37.803709,144.869342,0.336,SO2,ppb
2023-04-01 20:00:00,Alphington,-37.7784081,145.0306,0.876,SO2,ppb
2023-04-01 20:00:00,Geelong South,-38.17356,144.3703,0.733,SO2,ppb
2023-04-01 20:00:00,Altona North,-37.84455,144.8629,-0.925,SO2,ppb
2023-04-02 20:00:00,Footscray,-37.803709,144.869342,-0.126,SO2,ppb
2023-04-02 20:00:00,Alphington,-37.7784081,145.0306,0.631,SO2,ppb
2023-04-02 20:00:00,Geelong South,-38.17356,144.3703,-0.804,SO2,ppb
2023-04-02 20:00:00,Altona North,-37.84455,144.8629,-0.608,SO2,ppb
2023-04-03 20:00:00,Footscray,-37.803709,144.869342,0.768,SO2,ppb
2023-04-03 20:00:00,Alphington,-37.7784081,145.0306,0.342,SO2,ppb
2023-04-03 20:00:00,Geelong South,-38.17356,144.3703,-0.503,SO2,ppb
2023-04-03 20:00:00,Altona North,-37.84455,144.8629,-1.463,SO2,ppb
2023-04-04 20:00:00,Footscray,-37.803709,144.869342,0.221,SO2,ppb
2023-04-04 20:00:00,Alphington,-37.7784081,145.0306,0.724,SO2,ppb
2023-04-04 20:00:00,Geelong South,-38.17356,144.3703,-2.176,SO2,ppb
2023-04-04 20:00:00,Altona North,-37.84455,144.8629,-1.236,SO2,ppb
2023-04-05 20:00:00,Footscray,-37.803709,144.869342,-0.02,SO2,ppb
2023-04-05 20:00:00,Alphington,-37.7784081,145.0306,1.518,SO2,ppb
2023-04-05 20:00:00,Geelong South,-38.17356,144.3703,-1.317,SO2,ppb
2023-04-05 20:00:00,Altona North,-37.84455,144.8629,0.895,SO2,ppb
2023-04-06 20:00:00,Footscray,-37.803709,144.869342,0.673,SO2,ppb
2023-04-06 20:00:00,Alphington,-37.7784081,145.0306,0.493,SO2,ppb
2023-04-06 20:00:00,Geelong South,-38.17356,144.3703,-1.302,SO2,ppb
2023-04-06 20:00:00,Altona North,-37.84455,144.8629,-0.501,SO2,ppb
2023-04-07 20:00:00,Footscray,-37.803709,144.869342,0.461,SO2,ppb
2023-04-07 20:00:00,Alphington,-37.7784081,145.0306,0.242,SO2,ppb
2023-04-07 20:00:00,Geelong South,-38.17356,144.3703,-0.04,SO2,ppb
2023-04-07 20:00:00,Altona North,-37.84455,144.8629,0.83,SO2,ppb
2023-04-08 20:00:00,Footscray,-37.803709,144.869342,0.417,SO2,ppb
2023-04-08 20:00:00,Alphington,-37.7784081,145.0306,0.48,SO2,ppb
2023-04-08 20:00:00,Geelong South,-38.17356,144.3703,1.022,SO2,ppb
2023-04-08 20:00:00,Altona North,-37.84455,144.8629,1.737,SO2,ppb
2023-04-09 20:00:00,Footscray,-37.803709,144.869342,0.297,SO2,ppb
2023-04-09 20:00:00,Alphington,-37.7784081,145.0306,-0.054,SO2,ppb
2023-04-09 20:00:00,Geelong South,-38.17356,144.3703,0.651,SO2,ppb
2023-04-09 20:00:00,Altona North,-37.84455,144.8629,0.677,SO2,ppb
2023-04-10 20:00:00,Footscray,-37.803709,144.869342,0.361,SO2,ppb
2023-04-10 20:00:00,Alphington,-37.7784081,145.0306,1.336,SO2,ppb
2023-04-10 20:00:00,Geelong South,-38.17356,144.3703,0.471,SO2,ppb
2023-04-10 20:00:00,Altona North,-37.84455,144.8629,1.148,SO2,ppb
2023-04-11 20:00:00,Alphington,-37.7784081,145.0306,1.277,SO2,ppb
2023-04-11 20:00:00,Geelong South,-38.17356,144.3703,0.48,SO2,ppb
2023-04-11 20:00:00,Altona North,-37.84455,144.8629,-0.177,SO2,ppb
2023-04-12 20:00:00,Footscray,-37.803709,144.869342,-0.561,SO2,ppb
2023-04-12 20:00:00,Alphington,-37.7784081,145.0306,-0.274,SO2,ppb
2023-04-12 20:00:00,Geelong South,-38.17356,144.3703,0.486,SO2,ppb
2023-04-12 20:00:00,Altona North,-37.84455,144.8629,-1.004,SO2,ppb
2023-04-13 20:00:00,Footscray,-37.803709,144.869342,1.105,SO2,ppb
2023-04-13 20:00:00,Alphington,-37.7784081,145.0306,0.018,SO2,ppb
2023-04-13 20:00:00,Geelong South,-38.17356,144.3703,-0.016,SO2,ppb
2023-04-13 20:00:00,Altona North,-37.84455,144.8629,0.5,SO2,ppb
2023-04-14 20:00:00,Footscray,-37.803709,144.869342,0.294,SO2,ppb
2023-04-14 20:00:00,Alphington,-37.7784081,145.0306,-0.686,SO2,ppb
2023-04-14 20:00:00,Geelong South,-38.17356,144.3703,-0.646,SO2,ppb
2023-04-14 20:00:00,Altona North,-37.84455,144.8629,-0.135,SO2,ppb
2023-04-15 20:00:00,Footscray,-37.803709,144.869342,1.464,SO2,ppb
2023-04-15 20:00:00,Alphington,-37.7784081,145.0306,0.804,SO2,ppb
2023-04-15 20:00:00,Geelong South,-38.17356,144.3703,1.368,SO2,ppb
2023-04-15 20:00:00,Altona North,-37.84455,144.8629,1.25,SO2,ppb
2023-04-16 20:00:00,Footscray,-37.803709,144.869342,0.772,SO2,ppb
2023-04-16 20:00:00,Alphington,-37.7784081,145.0306,0.345,SO2,ppb
2023-04-16 20:00:00,Geelong South,-38.17356,144.3703,0.552,SO2,ppb
2023-04-16 20:00:00,Altona North,-37.84455,144.8629,0.698,SO2,ppb
2023-04-17 20:00:00,Footscray,-37.803709,144.869342,1.431,SO2,ppb
2023-04-17 20:00:00,Alphington,-37.7784081,145.0306,0.278,SO2,ppb
2023-04-17 20:00:00,Geelong South,-38.17356,144.3703,0.06,SO2,ppb
2023-04-17 20:00:00,Altona North,-37.84455,144.8629,1.147,SO2,ppb
2023-04-18 20:00:00,Footscray,-37.803709,144.869342,1.255,SO2,ppb
2023-04-18 20:00:00,Alphington,-37.7784081,145.0306,0.376,SO2,ppb
2023-04-18 20:00:00,Geelong South,-38.17356,144.3703,1.853,SO2,ppb
2023-04-18 20:00:00,Altona North,-37.84455,144.8629,1.725,SO2,ppb
2023-04-19 20:00:00,Footscray,-37.803709,144.869342,0.352,SO2,ppb
2023-04-19 20:00:00,Alphington,-37.7784081,145.0306,-0.123,SO2,ppb
2023-04-19 20:00:00,Geelong South,-38.17356,144.3703,1.01,SO2,ppb
2023-04-19 20:00:00,Altona North,-37.84455,144.8629,1.08,SO2,ppb
2023-04-20 20:00:00,Footscray,-37.803709,144.869342,0.541,SO2,ppb
2023-04-20 20:00:00,Alphington,-37.7784081,145.0306,0.329,SO2,ppb
2023-04-20 20:00:00,Geelong South,-38.17356,144.3703,0.605,SO2,ppb
2023-04-20 20:00:00,Altona North,-37.84455,144.8629,1.276,SO2,ppb
2023-04-21 20:00:00,Footscray,-37.803709,144.869342,0.488,SO2,ppb
2023-04-21 20:00:00,Alphington,-37.7784081,145.0306,0.18,SO2,ppb
2023-04-21 20:00:00,Geelong South,-38.17356,144.3703,1.155,SO2,ppb
2023-04-21 20:00:00,Altona North,-37.84455,144.8629,-0.629,SO2,ppb
2023-04-22 20:00:00,Footscray,-37.803709,144.869342,1.26,SO2,ppb
2023-04-22 20:00:00,Alphington,-37.7784081,145.0306,0.267,SO2,ppb
2023-04-22 20:00:00,Geelong South,-38.17356,144.3703,0.575,SO2,ppb
2023-04-22 20:00:00,Altona North,-37.84455,144.8629,0.807,SO2,ppb
2023-04-23 20:00:00,Footscray,-37.803709,144.869342,0.702,SO2,ppb
2023-04-23 20:00:00,Alphington,-37.7784081,145.0306,0.732,SO2,ppb
2023-04-23 20:00:00,Geelong South,-38.17356,144.3703,1.591,SO2,ppb
2023-04-23 20:00:00,Altona North,-37.84455,144.8629,0.524,SO2,ppb
2023-04-24 20:00:00,Footscray,-37.803709,144.869342,0.501,SO2,ppb
2023-04-24 20:00:00,Alphington,-37.7784081,145.0306,-0.042,SO2,ppb
2023-04-24 20:00:00,Geelong South,-38.17356,144.3703,0.488,SO2,ppb
2023-04-24 20:00:00,Altona North,-37.84455,144.8629,-0.271,SO2,ppb
2023-04-25 20:00:00,Footscray,-37.803709,144.869342,0.673,SO2,ppb
2023-04-25 20:00:00,Alphington,-37.7784081,145.0306,0.332,SO2,ppb
2023-04-25 20:00:00,Geelong South,-38.17356,144.3703,1.477,SO2,ppb
2023-04-25 20:00:00,Altona North,-37.84455,144.8629,1.623,SO2,ppb
2023-04-26 20:00:00,Footscray,-37.803709,144.869342,0.894,SO2,ppb
2023-04-26 20:00:00,Alphington,-37.7784081,145.0306,1.356,SO2,ppb
2023-04-26 20:00:00,Geelong South,-38.17356,144.3703,1.45,SO2,ppb
2023-04-26 20:00:00,Altona North,-37.84455,144.8629,-0.401,SO2,ppb
2023-04-27 20:00:00,Footscray,-37.803709,144.869342,0.91,SO2,ppb
2023-04-27 20:00:00,Alphington,-37.7784081,145.0306,0.409,SO2,ppb
2023-04-27 20:00:00,Geelong South,-38.17356,144.3703,0.844,SO2,ppb
2023-04-27 20:00:00,Altona North,-37.84455,144.8629,1.462,SO2,ppb
2023-04-28 20:00:00,Footscray,-37.803709,144.869342,0.72,SO2,ppb
2023-04-28 20:00:00,Alphington,-37.7784081,145.0306,0.111,SO2,ppb
2023-04-28 20:00:00,Geelong South,-38.17356,144.3703,1.125,SO2,ppb
2023-04-28 20:00:00,Altona North,-37.84455,144.8629,1.524,SO2,ppb
2023-04-29 20:00:00,Footscray,-37.803709,144.869342,0.527,SO2,ppb
2023-04-29 20:00:00,Alphington,-37.7784081,145.0306,1.651,SO2,ppb
2023-04-29 20:00:00,Geelong South,-38.17356,144.3703,2.027,SO2,ppb
2023-04-29 20:00:00,Altona North,-37.84455,144.8629,0.666,SO2,ppb
2023-04-30 20:00:00,Footscray,-37.803709,144.869342,0.674,SO2,ppb
2023-04-30 20:00:00,Alphington,-37.7784081,145.0306,0.483,SO2,ppb
2023-04-30 20:00:00,Geelong South,-38.17356,144.3703,0.279,SO2,ppb
2023-04-30 20:00:00,Altona North,-37.84455,144.8629,0.57,SO2,ppb
2023-05-01 20:00:00,Footscray,-37.803709,144.869342,0.515,SO2,ppb
2023-05-01 20:00:00,Alphington,-37.7784081,145.0306,0.057,SO2,ppb
2023-05-01 20:00:00,Geelong South,-38.17356,144.3703,2.042,SO2,ppb
2023-05-01 20:00:00,Altona North,-37.84455,144.8629,-0.027,SO2,ppb
2023-05-02 20:00:00,Footscray,-37.803709,144.869342,1.127,SO2,ppb
2023-05-02 20:00:00,Alphington,-37.7784081,145.0306,0.785,SO2,ppb
2023-05-02 20:00:00,Geelong South,-38.17356,144.3703,1.57,SO2,ppb
2023-05-02 20:00:00,Altona North,-37.84455,144.8629,-0.192,SO2,ppb
2023-05-03 20:00:00,Footscray,-37.803709,144.869342,0.591,SO2,ppb
2023-05-03 20:00:00,Alphington,-37.7784081,145.0306,-0.547,SO2,ppb
2023-05-03 20:00:00,Geelong South,-38.17356,144.3703,0.896,SO2,ppb
2023-05-03 20:00:00,Altona North,-37.84455,144.8629,1.058,SO2,ppb
2023-05-04 20:00:00,Footscray,-37.803709,144.869342,0.208,SO2,ppb
2023-05-04 20:00:00,Alphington,-37.7784081,145.0306,-0.24,SO2,ppb
2023-05-04 20:00:00,Geelong South,-38.17356,144.3703,0.393,SO2,ppb
2023-05-04 20:00:00,Altona North,-37.84455,144.8629,1.182,SO2,ppb
2023-05-05 20:00:00,Footscray,-37.803709,144.869342,1.008,SO2,ppb
2023-05-05 20:00:00,Alphington,-37.7784081,145.0306,0.255,SO2,ppb
2023-05-05 20:00:00,Geelong South,-38.17356,144.3703,2.328,SO2,ppb
2023-05-05 20:00:00,Altona North,-37.84455,144.8629,1.291,SO2,ppb
2023-05-06 20:00:00,Footscray,-37.803709,144.869342,0.796,SO2,ppb
2023-05-06 20:00:00,Alphington,-37.7784081,145.0306,0.629,SO2,ppb
2023-05-06 20:00:00,Geelong South,-38.17356,144.3703,0.931,SO2,ppb
2023-05-06 20:00:00,Altona North,-37.84455,144.8629,0.822,SO2,ppb
2023-05-07 20:00:00,Footscray,-37.803709,144.869342,0.903,SO2,ppb
2023-05-07 20:00:00,Alphington,-37.7784081,145.0306,1.409,SO2,ppb
2023-05-07 20:00:00,Geelong South,-38.17356,144.3703,1.184,SO2,ppb
2023-05-07 20:00:00,Altona North,-37.84455,144.8629,0.642,SO2,ppb
2023-05-08 20:00:00,Footscray,-37.803709,144.869342,0.905,SO2,ppb
2023-05-08 20:00:00,Alphington,-37.7784081,145.0306,-0.088,SO2,ppb
2023-05-08 20:00:00,Geelong South,-38.17356,144.3703,0.019,SO2,ppb
2023-05-08 20:00:00,Altona North,-37.84455,144.8629,1.141,SO2,ppb
2023-05-09 20:00:00,Footscray,-37.803709,144.869342,0.226,SO2,ppb
2023-05-09 20:00:00,Alphington,-37.7784081,145.0306,-0.524,SO2,ppb
2023-05-09 20:00:00,Geelong South,-38.17356,144.3703,0.818,SO2,ppb
2023-05-09 20:00:00,Altona North,-37.84455,144.8629,0.72,SO2,ppb
2023-05-10 20:00:00,Footscray,-37.803709,144.869342,0.345,SO2,ppb
2023-05-10 20:00:00,Alphington,-37.7784081,145.0306,0.644,SO2,ppb
2023-05-10 20:00:00,Geelong South,-38.17356,144.3703,0.324,SO2,ppb
2023-05-10 20:00:00,Altona North,-37.84455,144.8629,-0.669,SO2,ppb
2023-05-11 20:00:00,Footscray,-37.803709,144.869342,0.293,SO2,ppb
2023-05-11 20:00:00,Alphington,-37.7784081,145.0306,0.163,SO2,ppb
2023-05-11 20:00:00,Geelong South,-38.17356,144.3703,0.77,SO2,ppb
2023-05-11 20:00:00,Altona North,-37.84455,144.8629,0.924,SO2,ppb
2023-05-12 20:00:00,Footscray,-37.803709,144.869342,0.63,SO2,ppb
2023-05-12 20:00:00,Alphington,-37.7784081,145.0306,-0.431,SO2,ppb
2023-05-12 20:00:00,Geelong South,-38.17356,144.3703,0.364,SO2,ppb
2023-05-12 20:00:00,Altona North,-37.84455,144.8629,0.211,SO2,ppb
2023-05-13 20:00:00,Footscray,-37.803709,144.869342,0.579,SO2,ppb
2023-05-13 20:00:00,Alphington,-37.7784081,145.0306,0.58,SO2,ppb
2023-05-13 20:00:00,Geelong South,-38.17356,144.3703,1.672,SO2,ppb
2023-05-13 20:00:00,Altona North,-37.84455,144.8629,0.319,SO2,ppb
2023-05-14 20:00:00,Footscray,-37.803709,144.869342,1.218,SO2,ppb
2023-05-14 20:00:00,Alphington,-37.7784081,145.0306,1.047,SO2,ppb
2023-05-14 20:00:00,Geelong South,-38.17356,144.3703,2.064,SO2,ppb
2023-05-14 20:00:00,Altona North,-37.84455,144.8629,1.614,SO2,ppb
2023-05-15 20:00:00,Footscray,-37.803709,144.869342,1.089,SO2,ppb
2023-05-15 20:00:00,Alphington,-37.7784081,145.0306,0.663,SO2,ppb
2023-05-15 20:00:00,Geelong South,-38.17356,144.3703,2.049,SO2,ppb
2023-05-15 20:00:00,Altona North,-37.84455,144.8629,1.752,SO2,ppb
2023-05-16 20:00:00,Footscray,-37.803709,144.869342,0.666,SO2,ppb
2023-05-16 20:00:00,Alphington,-37.7784081,145.0306,1.326,SO2,ppb
2023-05-16 20:00:00,Geelong South,-38.17356,144.3703,0.441,SO2,ppb
2023-05-16 20:00:00,Altona North,-37.84455,144.8629,-0.427,SO2,ppb
2023-05-17 20:00:00,Footscray,-37.803709,144.869342,0.242,SO2,ppb
2023-05-17 20:00:00,Alphington,-37.7784081,145.0306,1.195,SO2,ppb
2023-05-17 20:00:00,Geelong South,-38.17356,144.3703,1.891,SO2,ppb
2023-05-17 20:00:00,Altona North,-37.84455,144.8629,0.61,SO2,ppb
2023-05-18 20:00:00,Footscray,-37.803709,144.869342,1.425,SO2,ppb
2023-05-18 20:00:00,Alphington,-37.7784081,145.0306,1.2,SO2,ppb
2023-05-18 20:00:00,Geelong South,-38.17356,144.3703,-0.649,SO2,ppb
2023-05-18 20:00:00,Altona North,-37.84455,144.8629,0.853,SO2,ppb
2023-05-19 20:00:00,Footscray,-37.803709,144.869342,0.806,SO2,ppb
2023-05-19 20:00:00,Alphington,-37.7784081,145.0306,0.105,SO2,ppb
2023-05-19 20:00:00,Geelong South,-38.17356,144.3703,1.01,SO2,ppb
2023-05-19 20:00:00,Altona North,-37.84455,144.8629,0.729,SO2,ppb
2023-05-20 20:00:00,Footscray,-37.803709,144.869342,1.076,SO2,ppb
2023-05-20 20:00:00,Alphington,-37.7784081,145.0306,0.616,SO2,ppb
2023-05-20 20:00:00,Geelong South,-38.17356,144.3703,0.54,SO2,ppb
2023-05-20 20:00:00,Altona North,-37.84455,144.8629,0.004,SO2,ppb
2023-05-21 20:00:00,Footscray,-37.803709,144.869342,0.942,SO2,ppb
2023-05-21 20:00:00,Alphington,-37.7784081,145.0306,0.565,SO2,ppb
2023-05-21 20:00:00,Geelong South,-38.17356,144.3703,1.591,SO2,ppb
2023-05-21 20:00:00,Altona North,-37.84455,144.8629,2.219,SO2,ppb
2023-05-22 20:00:00,Footscray,-37.803709,144.869342,-0.073,SO2,ppb
2023-05-22 20:00:00,Alphington,-37.7784081,145.0306,1.054,SO2,ppb
2023-05-22 20:00:00,Geelong South,-38.17356,144.3703,0.733,SO2,ppb
2023-05-22 20:00:00,Altona North,-37.84455,144.8629,0.185,SO2,ppb
2023-05-23 20:00:00,Footscray,-37.803709,144.869342,0.11,SO2,ppb
2023-05-23 20:00:00,Alphington,-37.7784081,145.0306,0.22,SO2,ppb
2023-05-23 20:00:00,Geelong South,-38.17356,144.3703,0.783,SO2,ppb
2023-05-23 20:00:00,Altona North,-37.84455,144.8629,0.18,SO2,ppb
2023-05-24 20:00:00,Footscray,-37.803709,144.869342,0.436,SO2,ppb
2023-05-24 20:00:00,Alphington,-37.7784081,145.0306,0.1,SO2,ppb
2023-05-24 20:00:00,Geelong South,-38.17356,144.3703,0.942,SO2,ppb
2023-05-24 20:00:00,Altona North,-37.84455,144.8629,0.568,SO2,ppb
2023-05-25 20:00:00,Footscray,-37.803709,144.869342,0.219,SO2,ppb
2023-05-25 20:00:00,Alphington,-37.7784081,145.0306,-0.141,SO2,ppb
2023-05-25 20:00:00,Geelong South,-38.17356,144.3703,0.701,SO2,ppb
2023-05-25 20:00:00,Altona North,-37.84455,144.8629,0.153,SO2,ppb
2023-05-26 20:00:00,Footscray,-37.803709,144.869342,-0.012,SO2,ppb
2023-05-26 20:00:00,Alphington,-37.7784081,145.0306,0.832,SO2,ppb
2023-05-26 20:00:00,Geelong South,-38.17356,144.3703,-0.487,SO2,ppb
2023-05-26 20:00:00,Altona North,-37.84455,144.8629,1.04,SO2,ppb
2023-05-27 20:00:00,Footscray,-37.803709,144.869342,0.58,SO2,ppb
2023-05-27 20:00:00,Alphington,-37.7784081,145.0306,0.793,SO2,ppb
2023-05-27 20:00:00,Geelong South,-38.17356,144.3703,-0.139,SO2,ppb
2023-05-27 20:00:00,Altona North,-37.84455,144.8629,0.603,SO2,ppb
2023-05-28 20:00:00,Footscray,-37.803709,144.869342,0.704,SO2,ppb
2023-05-28 20:00:00,Alphington,-37.7784081,145.0306,0.45,SO2,ppb
2023-05-28 20:00:00,Geelong South,-38.17356,144.3703,0.754,SO2,ppb
2023-05-28 20:00:00,Altona North,-37.84455,144.8629,1.08,SO2,ppb
2023-05-29 20:00:00,Footscray,-37.803709,144.869342,0.132,SO2,ppb
2023-05-29 20:00:00,Alphington,-37.7784081,145.0306,-0.002,SO2,ppb
2023-05-29 20:00:00,Geelong South,-38.17356,144.3703,0.553,SO2,ppb
2023-05-29 20:00:00,Altona North,-37.84455,144.8629,-1.094,SO2,ppb
2023-05-30 20:00:00,Footscray,-37.803709,144.869342,0.272,SO2,ppb
2023-05-30 20:00:00,Alphington,-37.7784081,145.0306,1.976,SO2,ppb
2023-05-30 20:00:00,Geelong South,-38.17356,144.3703,0.09,SO2,ppb
2023-05-30 20:00:00,Altona North,-37.84455,144.8629,0.693,SO2,ppb
2023-05-31 20:00:00,Footscray,-37.803709,144.869342,0.142,SO2,ppb
2023-05-31 20:00:00,Alphington,-37.7784081,145.0306,0.295,SO2,ppb
2023-05-31 20:00:00,Geelong South,-38.17356,144.3703,-0.261,SO2,ppb
2023-05-31 20:00:00,Altona North,-37.84455,144.8629,1.027,SO2,ppb
2023-06-01 20:00:00,Footscray,-37.803709,144.869342,0.129,SO2,ppb
2023-06-01 20:00:00,Alphington,-37.7784081,145.0306,0.599,SO2,ppb
2023-06-01 20:00:00,Geelong South,-38.17356,144.3703,1.318,SO2,ppb
2023-06-01 20:00:00,Altona North,-37.84455,144.8629,1.054,SO2,ppb
2023-06-02 20:00:00,Footscray,-37.803709,144.869342,-0.029,SO2,ppb
2023-06-02 20:00:00,Alphington,-37.7784081,145.0306,-0.45,SO2,ppb
2023-06-02 20:00:00,Geelong South,-38.17356,144.3703,1.756,SO2,ppb
2023-06-02 20:00:00,Altona North,-37.84455,144.8629,0.585,SO2,ppb
2023-06-03 20:00:00,Footscray,-37.803709,144.869342,0.645,SO2,ppb
2023-06-03 20:00:00,Alphington,-37.7784081,145.0306,-0.298,SO2,ppb
2023-06-03 20:00:00,Geelong South,-38.17356,144.3703,1.507,SO2,ppb
2023-06-03 20:00:00,Altona North,-37.84455,144.8629,-1.149,SO2,ppb
2023-06-04 20:00:00,Footscray,-37.803709,144.869342,0.927,SO2,ppb
2023-06-04 20:00:00,Alphington,-37.7784081,145.0306,0.498,SO2,ppb
2023-06-04 20:00:00,Geelong South,-38.17356,144.3703,0.809,SO2,ppb
2023-06-04 20:00:00,Altona North,-37.84455,144.8629,0.15,SO2,ppb
2023-06-05 20:00:00,Footscray,-37.803709,144.869342,0.612,SO2,ppb
2023-06-05 20:00:00,Alphington,-37.7784081,145.0306,-0.081,SO2,ppb
2023-06-05 20:00:00,Geelong South,-38.17356,144.3703,-0.005,SO2,ppb
2023-06-05 20:00:00,Altona North,-37.84455,144.8629,1.105,SO2,ppb
2023-06-06 20:00:00,Footscray,-37.803709,144.869342,0.316,SO2,ppb
2023-06-06 20:00:00,Alphington,-37.7784081,145.0306,-0.769,SO2,ppb
2023-06-06 20:00:00,Geelong South,-38.17356,144.3703,0.812,SO2,ppb
2023-06-06 20:00:00,Altona North,-37.84455,144.8629,-1.15,SO2,ppb
2023-06-07 20:00:00,Footscray,-37.803709,144.869342,0.927,SO2,ppb
2023-06-07 20:00:00,Alphington,-37.7784081,145.0306,0.26,SO2,ppb
2023-06-07 20:00:00,Geelong South,-38.17356,144.3703,-0.834,SO2,ppb
2023-06-07 20:00:00,Altona North,-37.84455,144.8629,-0.339,SO2,ppb
2023-06-08 20:00:00,Footscray,-37.803709,144.869342,0.023,SO2,ppb
2023-06-08 20:00:00,Alphington,-37.7784081,145.0306,0.681,SO2,ppb
2023-06-08 20:00:00,Geelong South,-38.17356,144.3703,1.551,SO2,ppb
2023-06-08 20:00:00,Altona North,-37.84455,144.8629,-0.702,SO2,ppb
2023-06-09 20:00:00,Footscray,-37.803709,144.869342,0.095,SO2,ppb
2023-06-09 20:00:00,Alphington,-37.7784081,145.0306,0.857,SO2,ppb
2023-06-09 20:00:00,Geelong South,-38.17356,144.3703,1.999,SO2,ppb
2023-06-09 20:00:00,Altona North,-37.84455,144.8629,-0.012,SO2,ppb
2023-06-10 20:00:00,Footscray,-37.803709,144.869342,0.761,SO2,ppb
2023-06-10 20:00:00,Alphington,-37.7784081,145.0306,0.35,SO2,ppb
2023-06-10 20:00:00,Geelong South,-38.17356,144.3703,0.985,SO2,ppb
2023-06-10 20:00:00,Altona North,-37.84455,144.8629,-0.359,SO2,ppb
2023-06-11 20:00:00,Footscray,-37.803709,144.869342,0.602,SO2,ppb
2023-06-11 20:00:00,Alphington,-37.7784081,145.0306,-0.003,SO2,ppb
2023-06-11 20:00:00,Geelong South,-38.17356,144.3703,-0.05,SO2,ppb
2023-06-11 20:00:00,Altona North,-37.84455,144.8629,0.133,SO2,ppb
2023-06-12 20:00:00,Footscray,-37.803709,144.869342,0.629,SO2,ppb
2023-06-12 20:00:00,Alphington,-37.7784081,145.0306,1.192,SO2,ppb
2023-06-12 20:00:00,Geelong South,-38.17356,144.3703,1.744,SO2,ppb
2023-06-12 20:00:00,Altona North,-37.84455,144.8629,0.798,SO2,ppb
2023-06-13 20:00:00,Footscray,-37.803709,144.869342,0.353,SO2,ppb
2023-06-13 20:00:00,Alphington,-37.7784081,145.0306,1.27,SO2,ppb
2023-06-13 20:00:00,Geelong South,-38.17356,144.3703,0.73,SO2,ppb
2023-06-13 20:00:00,Altona North,-37.84455,144.8629,0.816,SO2,ppb
2023-06-14 20:00:00,Footscray,-37.803709,144.869342,0.09,SO2,ppb
2023-06-14 20:00:00,Alphington,-37.7784081,145.0306,0.505,SO2,ppb
2023-06-14 20:00:00,Geelong South,-38.17356,144.3703,0.754,SO2,ppb
2023-06-14 20:00:00,Altona North,-37.84455,144.8629,0.779,SO2,ppb
2023-06-15 20:00:00,Footscray,-37.803709,144.869342,0.465,SO2,ppb
2023-06-15 20:00:00,Alphington,-37.7784081,145.0306,-0.017,SO2,ppb
2023-06-15 20:00:00,Geelong South,-38.17356,144.3703,0.586,SO2,ppb
2023-06-15 20:00:00,Altona North,-37.84455,144.8629,0.118,SO2,ppb
2023-06-16 20:00:00,Footscray,-37.803709,144.869342,0.334,SO2,ppb
2023-06-16 20:00:00,Alphington,-37.7784081,145.0306,0.153,SO2,ppb
2023-06-16 20:00:00,Geelong South,-38.17356,144.3703,1.668,SO2,ppb
2023-06-16 20:00:00,Altona North,-37.84455,144.8629,2.57,SO2,ppb
2023-06-17 20:00:00,Footscray,-37.803709,144.869342,0.547,SO2,ppb
2023-06-17 20:00:00,Alphington,-37.7784081,145.0306,0.23,SO2,ppb
2023-06-17 20:00:00,Geelong South,-38.17356,144.3703,0.649,SO2,ppb
2023-06-17 20:00:00,Altona North,-37.84455,144.8629,-0.47,SO2,ppb
2023-06-18 20:00:00,Alphington,-37.7784081,145.0306,0.314,SO2,ppb
2023-06-18 20:00:00,Geelong South,-38.17356,144.3703,1.811,SO2,ppb
2023-06-18 20:00:00,Altona North,-37.84455,144.8629,2.641,SO2,ppb
2023-06-19 20:00:00,Alphington,-37.7784081,145.0306,-0.344,SO2,ppb
2023-06-19 20:00:00,Geelong South,-38.17356,144.3703,0.296,SO2,ppb
2023-06-19 20:00:00,Altona North,-37.84455,144.8629,0.254,SO2,ppb
2023-06-20 20:00:00,Footscray,-37.803709,144.869342,1.42,SO2,ppb
2023-06-20 20:00:00,Alphington,-37.7784081,145.0306,0.976,SO2,ppb
2023-06-20 20:00:00,Geelong South,-38.17356,144.3703,0.322,SO2,ppb
2023-06-20 20:00:00,Altona North,-37.84455,144.8629,2.194,SO2,ppb
2023-06-21 20:00:00,Footscray,-37.803709,144.869342,0.536,SO2,ppb
2023-06-21 20:00:00,Alphington,-37.7784081,145.0306,1.778,SO2,ppb
2023-06-21 20:00:00,Geelong South,-38.17356,144.3703,0.714,SO2,ppb
2023-06-21 20:00:00,Altona North,-37.84455,144.8629,0.075,SO2,ppb
2023-06-22 20:00:00,Footscray,-37.803709,144.869342,0.379,SO2,ppb
2023-06-22 20:00:00,Alphington,-37.7784081,145.0306,-0.476,SO2,ppb
2023-06-22 20:00:00,Geelong South,-38.17356,144.3703,1.67,SO2,ppb
2023-06-22 20:00:00,Altona North,-37.84455,144.8629,-0.637,SO2,ppb
2023-06-23 20:00:00,Footscray,-37.803709,144.869342,0.359,SO2,ppb
2023-06-23 20:00:00,Alphington,-37.7784081,145.0306,0.001,SO2,ppb
2023-06-23 20:00:00,Geelong South,-38.17356,144.3703,0.888,SO2,ppb
2023-06-23 20:00:00,Altona North,-37.84455,144.8629,0.402,SO2,ppb
2023-06-24 20:00:00,Footscray,-37.803709,144.869342,1.19,SO2,ppb
2023-06-24 20:00:00,Alphington,-37.7784081,145.0306,1.07,SO2,ppb
2023-06-24 20:00:00,Geelong South,-38.17356,144.3703,1.222,SO2,ppb
2023-06-24 20:00:00,Altona North,-37.84455,144.8629,1.213,SO2,ppb
2023-06-25 20:00:00,Footscray,-37.803709,144.869342,-0.007,SO2,ppb
2023-06-25 20:00:00,Alphington,-37.7784081,145.0306,1.056,SO2,ppb
2023-06-25 20:00:00,Geelong South,-38.17356,144.3703,1.656,SO2,ppb
2023-06-25 20:00:00,Altona North,-37.84455,144.8629,0.415,SO2,ppb
2023-06-26 20:00:00,Footscray,-37.803709,144.869342,0.209,SO2,ppb
2023-06-26 20:00:00,Alphington,-37.7784081,145.0306,0.284,SO2,ppb
2023-06-26 20:00:00,Geelong South,-38.17356,144.3703,0.154,SO2,ppb
2023-06-26 20:00:00,Altona North,-37.84455,144.8629,-0.068,SO2,ppb
2023-06-27 20:00:00,Footscray,-37.803709,144.869342,-0.327,SO2,ppb
2023-06-27 20:00:00,Alphington,-37.7784081,145.0306,-0.154,SO2,ppb
2023-06-27 20:00:00,Geelong South,-38.17356,144.3703,0.81,SO2,ppb
2023-06-27 20:00:00,Altona North,-37.84455,144.8629,0.564,SO2,ppb
2023-06-28 20:00:00,Alphington,-37.7784081,145.0306,-0.045,SO2,ppb
2023-06-28 20:00:00,Geelong South,-38.17356,144.3703,0.385,SO2,ppb
2023-06-28 20:00:00,Altona North,-37.84455,144.8629,-0.154,SO2,ppb
2023-06-29 20:00:00,Alphington,-37.7784081,145.0306,0.891,SO2,ppb
2023-06-29 20:00:00,Geelong South,-38.17356,144.3703,2.906,SO2,ppb
2023-06-29 20:00:00,Altona North,-37.84455,144.8629,0.1,SO2,ppb
2023-06-30 20:00:00,Alphington,-37.7784081,145.0306,0.65,SO2,ppb
2023-06-30 20:00:00,Geelong South,-38.17356,144.3703,-0.018,SO2,ppb
2023-06-30 20:00:00,Altona North,-37.84455,144.8629,1.068,SO2,ppb
2023-07-01 20:00:00,Alphington,-37.7784081,145.0306,-0.2,SO2,ppb
2023-07-01 20:00:00,Altona North,-37.84455,144.8629,0.157,SO2,ppb
2023-07-02 20:00:00,Alphington,-37.7784081,145.0306,-0.161,SO2,ppb
2023-07-02 20:00:00,Geelong South,-38.17356,144.3703,-0.695,SO2,ppb
2023-07-02 20:00:00,Altona North,-37.84455,144.8629,1.64,SO2,ppb
2023-07-03 20:00:00,Alphington,-37.7784081,145.0306,0.603,SO2,ppb
2023-07-03 20:00:00,Geelong South,-38.17356,144.3703,-0.015,SO2,ppb
2023-07-03 20:00:00,Altona North,-37.84455,144.8629,-0.206,SO2,ppb
2023-07-04 20:00:00,Alphington,-37.7784081,145.0306,1.008,SO2,ppb
2023-07-04 20:00:00,Geelong South,-38.17356,144.3703,-0.739,SO2,ppb
2023-07-04 20:00:00,Altona North,-37.84455,144.8629,1.6,SO2,ppb
2023-07-05 20:00:00,Alphington,-37.7784081,145.0306,0.532,SO2,ppb
2023-07-05 20:00:00,Altona North,-37.84455,144.8629,-0.277,SO2,ppb
2023-07-06 20:00:00,Alphington,-37.7784081,145.0306,0.583,SO2,ppb
2023-07-06 20:00:00,Altona North,-37.84455,144.8629,1.576,SO2,ppb
2023-07-07 20:00:00,Alphington,-37.7784081,145.0306,0.974,SO2,ppb
2023-07-07 20:00:00,Altona North,-37.84455,144.8629,1.823,SO2,ppb
2023-07-08 20:00:00,Alphington,-37.7784081,145.0306,-0.39,SO2,ppb
2023-07-08 20:00:00,Altona North,-37.84455,144.8629,0.793,SO2,ppb
2023-07-09 20:00:00,Alphington,-37.7784081,145.0306,0.344,SO2,ppb
2023-07-09 20:00:00,Altona North,-37.84455,144.8629,0.345,SO2,ppb
2023-07-10 20:00:00,Alphington,-37.7784081,145.0306,0.138,SO2,ppb
2023-07-10 20:00:00,Altona North,-37.84455,144.8629,1.443,SO2,ppb
2023-07-11 20:00:00,Alphington,-37.7784081,145.0306,0.284,SO2,ppb
2023-07-11 20:00:00,Altona North,-37.84455,144.8629,0.125,SO2,ppb
2023-07-12 20:00:00,Altona North,-37.84455,144.8629,0.612,SO2,ppb
2023-07-13 20:00:00,Altona North,-37.84455,144.8629,-0.968,SO2,ppb
2023-07-14 20:00:00,Alphington,-37.7784081,145.0306,-0.082,SO2,ppb
2023-07-14 20:00:00,Altona North,-37.84455,144.8629,0.863,SO2,ppb
2023-07-15 20:00:00,Alphington,-37.7784081,145.0306,-0.844,SO2,ppb
2023-07-15 20:00:00,Altona North,-37.84455,144.8629,1.166,SO2,ppb
2023-07-16 20:00:00,Alphington,-37.7784081,145.0306,-0.219,SO2,ppb
2023-07-16 20:00:00,Altona North,-37.84455,144.8629,1.27,SO2,ppb
2023-07-17 20:00:00,Alphington,-37.7784081,145.0306,-0.063,SO2,ppb
2023-07-17 20:00:00,Altona North,-37.84455,144.8629,-0.598,SO2,ppb
2023-07-18 20:00:00,Alphington,-37.7784081,145.0306,-0.18,SO2,ppb
2023-07-18 20:00:00,Altona North,-37.84455,144.8629,0.486,SO2,ppb
2023-07-19 20:00:00,Alphington,-37.7784081,145.0306,-0.572,SO2,ppb
2023-07-19 20:00:00,Geelong South,-38.17356,144.3703,0.072,SO2,ppb
2023-07-19 20:00:00,Altona North,-37.84455,144.8629,-0.084,SO2,ppb
2023-07-20 20:00:00,Alphington,-37.7784081,145.0306,1.398,SO2,ppb
2023-07-20 20:00:00,Geelong South,-38.17356,144.3703,0.116,SO2,ppb
2023-07-20 20:00:00,Altona North,-37.84455,144.8629,-0.515,SO2,ppb
2023-07-21 20:00:00,Alphington,-37.7784081,145.0306,-0.107,SO2,ppb
2023-07-21 20:00:00,Geelong South,-38.17356,144.3703,0.255,SO2,ppb
2023-07-21 20:00:00,Altona North,-37.84455,144.8629,-0.014,SO2,ppb
2023-07-22 20:00:00,Alphington,-37.7784081,145.0306,0.374,SO2,ppb
2023-07-22 20:00:00,Geelong South,-38.17356,144.3703,0.155,SO2,ppb
2023-07-22 20:00:00,Altona North,-37.84455,144.8629,0.569,SO2,ppb
2023-07-23 20:00:00,Alphington,-37.7784081,145.0306,0.701,SO2,ppb
2023-07-23 20:00:00,Geelong South,-38.17356,144.3703,0.207,SO2,ppb
2023-07-23 20:00:00,Altona North,-37.84455,144.8629,0.019,SO2,ppb
2023-07-24 20:00:00,Alphington,-37.7784081,145.0306,0.397,SO2,ppb
2023-07-24 20:00:00,Geelong South,-38.17356,144.3703,0.248,SO2,ppb
2023-07-24 20:00:00,Altona North,-37.84455,144.8629,-0.176,SO2,ppb
2023-07-25 20:00:00,Alphington,-37.7784081,145.0306,-0.49,SO2,ppb
2023-07-25 20:00:00,Geelong South,-38.17356,144.3703,0.574,SO2,ppb
2023-07-25 20:00:00,Altona North,-37.84455,144.8629,-0.389,SO2,ppb
2023-07-26 20:00:00,Alphington,-37.7784081,145.0306,-0.198,SO2,ppb
2023-07-26 20:00:00,Geelong South,-38.17356,144.3703,0.199,SO2,ppb
2023-07-26 20:00:00,Altona North,-37.84455,144.8629,1.149,SO2,ppb
2023-07-27 20:00:00,Alphington,-37.7784081,145.0306,0.603,SO2,ppb
2023-07-27 20:00:00,Geelong South,-38.17356,144.3703,0.45,SO2,ppb
2023-07-27 20:00:00,Altona North,-37.84455,144.8629,0.482,SO2,ppb
2023-07-28 20:00:00,Alphington,-37.7784081,145.0306,0.836,SO2,ppb
2023-07-28 20:00:00,Geelong South,-38.17356,144.3703,0.075,SO2,ppb
2023-07-28 20:00:00,Altona North,-37.84455,144.8629,0.839,SO2,ppb
2023-07-29 20:00:00,Alphington,-37.7784081,145.0306,0.992,SO2,ppb
2023-07-29 20:00:00,Geelong South,-38.17356,144.3703,0.08,SO2,ppb
2023-07-29 20:00:00,Altona North,-37.84455,144.8629,0.897,SO2,ppb
2023-07-30 20:00:00,Alphington,-37.7784081,145.0306,0.437,SO2,ppb
2023-07-30 20:00:00,Geelong South,-38.17356,144.3703,0.092,SO2,ppb
2023-07-30 20:00:00,Altona North,-37.84455,144.8629,0.167,SO2,ppb
2023-07-31 20:00:00,Alphington,-37.7784081,145.0306,-1.079,SO2,ppb
2023-07-31 20:00:00,Geelong South,-38.17356,144.3703,0.477,SO2,ppb
2023-07-31 20:00:00,Altona North,-37.84455,144.8629,0.207,SO2,ppb
2023-08-01 20:00:00,Alphington,-37.7784081,145.0306,-0.556,SO2,ppb
2023-08-01 20:00:00,Geelong South,-38.17356,144.3703,0.3,SO2,ppb
2023-08-01 20:00:00,Altona North,-37.84455,144.8629,-0.899,SO2,ppb
2023-08-02 20:00:00,Alphington,-37.7784081,145.0306,0.288,SO2,ppb
2023-08-02 20:00:00,Geelong South,-38.17356,144.3703,0.179,SO2,ppb
2023-08-02 20:00:00,Altona North,-37.84455,144.8629,0.564,SO2,ppb
2023-08-03 20:00:00,Alphington,-37.7784081,145.0306,1.185,SO2,ppb
2023-08-03 20:00:00,Geelong South,-38.17356,144.3703,0.674,SO2,ppb
2023-08-03 20:00:00,Altona North,-37.84455,144.8629,0.157,SO2,ppb
2023-08-04 20:00:00,Alphington,-37.7784081,145.0306,0.326,SO2,ppb
2023-08-04 20:00:00,Geelong South,-38.17356,144.3703,0.1,SO2,ppb
2023-08-04 20:00:00,Altona North,-37.84455,144.8629,1.17,SO2,ppb
2023-08-05 20:00:00,Alphington,-37.7784081,145.0306,-0.094,SO2,ppb
2023-08-05 20:00:00,Geelong South,-38.17356,144.3703,0.032,SO2,ppb
2023-08-05 20:00:00,Altona North,-37.84455,144.8629,-0.32,SO2,ppb
2023-08-06 20:00:00,Alphington,-37.7784081,145.0306,0.824,SO2,ppb
2023-08-06 20:00:00,Geelong South,-38.17356,144.3703,0.32,SO2,ppb
2023-08-06 20:00:00,Altona North,-37.84455,144.8629,1.255,SO2,ppb
2023-08-07 20:00:00,Alphington,-37.7784081,145.0306,-0.547,SO2,ppb
2023-08-07 20:00:00,Geelong South,-38.17356,144.3703,1.007,SO2,ppb
2023-08-07 20:00:00,Altona North,-37.84455,144.8629,-0.02,SO2,ppb
2023-08-08 20:00:00,Alphington,-37.7784081,145.0306,0.056,SO2,ppb
2023-08-08 20:00:00,Geelong South,-38.17356,144.3703,0.372,SO2,ppb
2023-08-08 20:00:00,Altona North,-37.84455,144.8629,0.346,SO2,ppb
2023-08-09 20:00:00,Alphington,-37.7784081,145.0306,0.653,SO2,ppb
2023-08-09 20:00:00,Geelong South,-38.17356,144.3703,0.873,SO2,ppb
2023-08-09 20:00:00,Altona North,-37.84455,144.8629,-0.256,SO2,ppb
2023-08-10 20:00:00,Alphington,-37.7784081,145.0306,-0.158,SO2,ppb
2023-08-10 20:00:00,Geelong South,-38.17356,144.3703,0.117,SO2,ppb
2023-08-10 20:00:00,Altona North,-37.84455,144.8629,0.509,SO2,ppb
2023-08-11 20:00:00,Alphington,-37.7784081,145.0306,-0.086,SO2,ppb
2023-08-11 20:00:00,Geelong South,-38.17356,144.3703,-0.041,SO2,ppb
2023-08-11 20:00:00,Altona North,-37.84455,144.8629,0.749,SO2,ppb
2023-08-12 20:00:00,Alphington,-37.7784081,145.0306,0.716,SO2,ppb
2023-08-12 20:00:00,Altona North,-37.84455,144.8629,0.136,SO2,ppb
2023-08-13 20:00:00,Alphington,-37.7784081,145.0306,0.128,SO2,ppb
2023-08-13 20:00:00,Altona North,-37.84455,144.8629,0.282,SO2,ppb
2023-08-14 20:00:00,Alphington,-37.7784081,145.0306,-0.238,SO2,ppb
2023-08-14 20:00:00,Altona North,-37.84455,144.8629,1.679,SO2,ppb
2023-08-15 20:00:00,Alphington,-37.7784081,145.0306,-0.028,SO2,ppb
2023-08-15 20:00:00,Altona North,-37.84455,144.8629,1.218,SO2,ppb
2023-08-16 20:00:00,Alphington,-37.7784081,145.0306,0.458,SO2,ppb
2023-08-16 20:00:00,Geelong South,-38.17356,144.3703,0.008,SO2,ppb
2023-08-16 20:00:00,Altona North,-37.84455,144.8629,-1.376,SO2,ppb
2023-08-17 20:00:00,Alphington,-37.7784081,145.0306,0.605,SO2,ppb
2023-08-17 20:00:00,Geelong South,-38.17356,144.3703,0.183,SO2,ppb
2023-08-17 20:00:00,Altona North,-37.84455,144.8629,-0.082,SO2,ppb
2023-08-18 20:00:00,Alphington,-37.7784081,145.0306,-0.031,SO2,ppb
2023-08-18 20:00:00,Geelong South,-38.17356,144.3703,0.451,SO2,ppb
2023-08-18 20:00:00,Altona North,-37.84455,144.8629,-0.108,SO2,ppb
2023-08-19 20:00:00,Alphington,-37.7784081,145.0306,1.195,SO2,ppb
2023-08-19 20:00:00,Geelong South,-38.17356,144.3703,0.922,SO2,ppb
2023-08-19 20:00:00,Altona North,-37.84455,144.8629,-0.52,SO2,ppb
2023-08-20 20:00:00,Alphington,-37.7784081,145.0306,0.361,SO2,ppb
2023-08-20 20:00:00,Geelong South,-38.17356,144.3703,0.139,SO2,ppb
2023-08-20 20:00:00,Altona North,-37.84455,144.8629,1.228,SO2,ppb
2023-08-21 20:00:00,Alphington,-37.7784081,145.0306,0.454,SO2,ppb
2023-08-21 20:00:00,Geelong South,-38.17356,144.3703,0.092,SO2,ppb
2023-08-21 20:00:00,Altona North,-37.84455,144.8629,-1.281,SO2,ppb
2023-08-22 20:00:00,Alphington,-37.7784081,145.0306,0.342,SO2,ppb
2023-08-22 20:00:00,Geelong South,-38.17356,144.3703,-0.334,SO2,ppb
2023-08-22 20:00:00,Altona North,-37.84455,144.8629,-0.701,SO2,ppb
2023-08-23 20:00:00,Alphington,-37.7784081,145.0306,-0.763,SO2,ppb
2023-08-23 20:00:00,Geelong South,-38.17356,144.3703,0.221,SO2,ppb
2023-08-23 20:00:00,Altona North,-37.84455,144.8629,0.598,SO2,ppb
2023-08-24 20:00:00,Alphington,-37.7784081,145.0306,0.346,SO2,ppb
2023-08-24 20:00:00,Geelong South,-38.17356,144.3703,0.193,SO2,ppb
2023-08-24 20:00:00,Altona North,-37.84455,144.8629,0.809,SO2,ppb
2023-08-25 20:00:00,Alphington,-37.7784081,145.0306,0.506,SO2,ppb
2023-08-25 20:00:00,Geelong South,-38.17356,144.3703,0.438,SO2,ppb
2023-08-25 20:00:00,Altona North,-37.84455,144.8629,1.012,SO2,ppb
2023-08-26 20:00:00,Alphington,-37.7784081,145.0306,0.751,SO2,ppb
2023-08-26 20:00:00,Geelong South,-38.17356,144.3703,0.138,SO2,ppb
2023-08-26 20:00:00,Altona North,-37.84455,144.8629,1.719,SO2,ppb
2023-08-27 20:00:00,Alphington,-37.7784081,145.0306,-0.79,SO2,ppb
2023-08-27 20:00:00,Geelong South,-38.17356,144.3703,1.043,SO2,ppb
2023-08-27 20:00:00,Altona North,-37.84455,144.8629,1.734,SO2,ppb
2023-08-28 20:00:00,Alphington,-37.7784081,145.0306,-0.073,SO2,ppb
2023-08-28 20:00:00,Geelong South,-38.17356,144.3703,0.368,SO2,ppb
2023-08-28 20:00:00,Altona North,-37.84455,144.8629,-1.298,SO2,ppb
2023-08-29 20:00:00,Alphington,-37.7784081,145.0306,0.672,SO2,ppb
2023-08-29 20:00:00,Geelong South,-38.17356,144.3703,0.184,SO2,ppb
2023-08-29 20:00:00,Altona North,-37.84455,144.8629,-0.682,SO2,ppb
2023-08-30 20:00:00,Alphington,-37.7784081,145.0306,-0.101,SO2,ppb
2023-08-30 20:00:00,Altona North,-37.84455,144.8629,-0.239,SO2,ppb
2023-08-31 20:00:00,Alphington,-37.7784081,145.0306,0.425,SO2,ppb
2023-08-31 20:00:00,Geelong South,-38.17356,144.3703,0.366,SO2,ppb
2023-08-31 20:00:00,Altona North,-37.84455,144.8629,-1.345,SO2,ppb
2023-09-01 20:00:00,Alphington,-37.7784081,145.0306,0.059,SO2,ppb
2023-09-01 20:00:00,Geelong South,-38.17356,144.3703,0.158,SO2,ppb
2023-09-01 20:00:00,Altona North,-37.84455,144.8629,0.501,SO2,ppb
2023-09-02 20:00:00,Alphington,-37.7784081,145.0306,-0.119,SO2,ppb
2023-09-02 20:00:00,Geelong South,-38.17356,144.3703,0.24,SO2,ppb
2023-09-02 20:00:00,Altona North,-37.84455,144.8629,1.211,SO2,ppb
2023-09-03 20:00:00,Alphington,-37.7784081,145.0306,0.626,SO2,ppb
2023-09-03 20:00:00,Geelong South,-38.17356,144.3703,0.456,SO2,ppb
2023-09-03 20:00:00,Altona North,-37.84455,144.8629,1.429,SO2,ppb
2023-09-04 20:00:00,Alphington,-37.7784081,145.0306,0.299,SO2,ppb
2023-09-04 20:00:00,Geelong South,-38.17356,144.3703,-0.081,SO2,ppb
2023-09-04 20:00:00,Altona North,-37.84455,144.8629,-0.774,SO2,ppb
2023-09-05 20:00:00,Alphington,-37.7784081,145.0306,-0.013,SO2,ppb
2023-09-05 20:00:00,Geelong South,-38.17356,144.3703,0.2,SO2,ppb
2023-09-05 20:00:00,Altona North,-37.84455,144.8629,0.598,SO2,ppb
2023-09-06 20:00:00,Alphington,-37.7784081,145.0306,0.526,SO2,ppb
2023-09-06 20:00:00,Geelong South,-38.17356,144.3703,1.17,SO2,ppb
2023-09-06 20:00:00,Altona North,-37.84455,144.8629,0.743,SO2,ppb
2023-09-07 20:00:00,Alphington,-37.7784081,145.0306,1.139,SO2,ppb
2023-09-07 20:00:00,Geelong South,-38.17356,144.3703,0.461,SO2,ppb
2023-09-07 20:00:00,Altona North,-37.84455,144.8629,0.825,SO2,ppb
2023-09-08 20:00:00,Alphington,-37.7784081,145.0306,0.122,SO2,ppb
2023-09-08 20:00:00,Geelong South,-38.17356,144.3703,0.173,SO2,ppb
2023-09-08 20:00:00,Altona North,-37.84455,144.8629,-0.01,SO2,ppb
2023-09-09 20:00:00,Alphington,-37.7784081,145.0306,0.298,SO2,ppb
2023-09-09 20:00:00,Geelong South,-38.17356,144.3703,-0.14,SO2,ppb
2023-09-09 20:00:00,Altona North,-37.84455,144.8629,0.153,SO2,ppb
2023-09-10 20:00:00,Alphington,-37.7784081,145.0306,0.252,SO2,ppb
2023-09-10 20:00:00,Geelong South,-38.17356,144.3703,0.415,SO2,ppb
2023-09-10 20:00:00,Altona North,-37.84455,144.8629,2.119,SO2,ppb
2023-09-11 20:00:00,Alphington,-37.7784081,145.0306,-0.548,SO2,ppb
2023-09-11 20:00:00,Geelong South,-38.17356,144.3703,0.383,SO2,ppb
2023-09-11 20:00:00,Altona North,-37.84455,144.8629,-0.403,SO2,ppb
2023-09-12 20:00:00,Alphington,-37.7784081,145.0306,0.227,SO2,ppb
2023-09-12 20:00:00,Geelong South,-38.17356,144.3703,0.223,SO2,ppb
2023-09-12 20:00:00,Altona North,-37.84455,144.8629,-0.687,SO2,ppb
2023-09-13 20:00:00,Alphington,-37.7784081,145.0306,0.353,SO2,ppb
2023-09-13 20:00:00,Geelong South,-38.17356,144.3703,0.096,SO2,ppb
2023-09-13 20:00:00,Altona North,-37.84455,144.8629,0.213,SO2,ppb
2023-09-14 20:00:00,Alphington,-37.7784081,145.0306,0.503,SO2,ppb
2023-09-14 20:00:00,Geelong South,-38.17356,144.3703,0.057,SO2,ppb
2023-09-14 20:00:00,Altona North,-37.84455,144.8629,-0.521,SO2,ppb
2023-09-15 20:00:00,Alphington,-37.7784081,145.0306,-0.171,SO2,ppb
2023-09-15 20:00:00,Geelong South,-38.17356,144.3703,0.227,SO2,ppb
2023-09-15 20:00:00,Altona North,-37.84455,144.8629,-0.412,SO2,ppb
2023-09-16 20:00:00,Alphington,-37.7784081,145.0306,0.391,SO2,ppb
2023-09-16 20:00:00,Geelong South,-38.17356,144.3703,0.512,SO2,ppb
2023-09-16 20:00:00,Altona North,-37.84455,144.8629,0.872,SO2,ppb
2023-09-17 20:00:00,Alphington,-37.7784081,145.0306,0.379,SO2,ppb
2023-09-17 20:00:00,Geelong South,-38.17356,144.3703,0.006,SO2,ppb
2023-09-17 20:00:00,Altona North,-37.84455,144.8629,0.01,SO2,ppb
2023-09-18 20:00:00,Alphington,-37.7784081,145.0306,0.253,SO2,ppb
2023-09-18 20:00:00,Geelong South,-38.17356,144.3703,0.68,SO2,ppb
2023-09-18 20:00:00,Altona North,-37.84455,144.8629,-0.21,SO2,ppb
2023-09-19 20:00:00,Alphington,-37.7784081,145.0306,0.027,SO2,ppb
2023-09-19 20:00:00,Geelong South,-38.17356,144.3703,0.183,SO2,ppb
2023-09-19 20:00:00,Altona North,-37.84455,144.8629,0.38,SO2,ppb
2023-09-20 20:00:00,Alphington,-37.7784081,145.0306,-0.13,SO2,ppb
2023-09-20 20:00:00,Geelong South,-38.17356,144.3703,0.142,SO2,ppb
2023-09-20 20:00:00,Altona North,-37.84455,144.8629,-0.083,SO2,ppb
2023-09-21 20:00:00,Alphington,-37.7784081,145.0306,0.182,SO2,ppb
2023-09-21 20:00:00,Geelong South,-38.17356,144.3703,-0.103,SO2,ppb
2023-09-21 20:00:00,Altona North,-37.84455,144.8629,0.683,SO2,ppb
2023-09-22 20:00:00,Alphington,-37.7784081,145.0306,-0.159,SO2,ppb
2023-09-22 20:00:00,Geelong South,-38.17356,144.3703,-0.142,SO2,ppb
2023-09-22 20:00:00,Altona North,-37.84455,144.8629,0.138,SO2,ppb
2023-09-23 20:00:00,Alphington,-37.7784081,145.0306,0.286,SO2,ppb
2023-09-23 20:00:00,Geelong South,-38.17356,144.3703,-0.222,SO2,ppb
2023-09-23 20:00:00,Altona North,-37.84455,144.8629,-0.479,SO2,ppb
2023-09-24 20:00:00,Alphington,-37.7784081,145.0306,0.445,SO2,ppb
2023-09-24 20:00:00,Geelong South,-38.17356,144.3703,1.021,SO2,ppb
2023-09-24 20:00:00,Altona North,-37.84455,144.8629,2.208,SO2,ppb
2023-09-25 20:00:00,Alphington,-37.7784081,145.0306,0.44,SO2,ppb
2023-09-25 20:00:00,Geelong South,-38.17356,144.3703,0.558,SO2,ppb
2023-09-25 20:00:00,Altona North,-37.84455,144.8629,-0.152,SO2,ppb
2023-09-26 20:00:00,Alphington,-37.7784081,145.0306,0.09,SO2,ppb
2023-09-26 20:00:00,Geelong South,-38.17356,144.3703,-0.098,SO2,ppb
2023-09-26 20:00:00,Altona North,-37.84455,144.8629,1.421,SO2,ppb
2023-09-27 20:00:00,Alphington,-37.7784081,145.0306,-0.174,SO2,ppb
2023-09-27 20:00:00,Geelong South,-38.17356,144.3703,0.509,SO2,ppb
2023-09-27 20:00:00,Altona North,-37.84455,144.8629,-0.123,SO2,ppb
2023-09-28 20:00:00,Alphington,-37.7784081,145.0306,-0.337,SO2,ppb
2023-09-28 20:00:00,Geelong South,-38.17356,144.3703,0.404,SO2,ppb
2023-09-28 20:00:00,Altona North,-37.84455,144.8629,-0.079,SO2,ppb
2023-09-29 20:00:00,Alphington,-37.7784081,145.0306,0.002,SO2,ppb
2023-09-29 20:00:00,Geelong South,-38.17356,144.3703,0.07,SO2,ppb
2023-09-29 20:00:00,Altona North,-37.84455,144.8629,-0.025,SO2,ppb
2023-09-30 20:00:00,Alphington,-37.7784081,145.0306,1.372,SO2,ppb
2023-09-30 20:00:00,Geelong South,-38.17356,144.3703,0.201,SO2,ppb
2023-09-30 20:00:00,Altona North,-37.84455,144.8629,0.556,SO2,ppb
2023-10-01 20:00:00,Alphington,-37.7784081,145.0306,1.034,SO2,ppb
2023-10-01 20:00:00,Geelong South,-38.17356,144.3703,0.23,SO2,ppb
2023-10-01 20:00:00,Altona North,-37.84455,144.8629,1.766,SO2,ppb
2023-10-02 20:00:00,Alphington,-37.7784081,145.0306,-0.374,SO2,ppb
2023-10-02 20:00:00,Geelong South,-38.17356,144.3703,0.407,SO2,ppb
2023-10-02 20:00:00,Altona North,-37.84455,144.8629,-2.022,SO2,ppb
2023-10-03 20:00:00,Alphington,-37.7784081,145.0306,-0.343,SO2,ppb
2023-10-03 20:00:00,Geelong South,-38.17356,144.3703,-0.02,SO2,ppb
2023-10-03 20:00:00,Altona North,-37.84455,144.8629,-2.541,SO2,ppb
2023-10-04 20:00:00,Alphington,-37.7784081,145.0306,0.276,SO2,ppb
2023-10-04 20:00:00,Geelong South,-38.17356,144.3703,-0.235,SO2,ppb
2023-10-04 20:00:00,Altona North,-37.84455,144.8629,-0.468,SO2,ppb
2023-10-05 20:00:00,Alphington,-37.7784081,145.0306,-0.192,SO2,ppb
2023-10-05 20:00:00,Geelong South,-38.17356,144.3703,-0.228,SO2,ppb
2023-10-05 20:00:00,Altona North,-37.84455,144.8629,0.705,SO2,ppb
2023-10-06 20:00:00,Alphington,-37.7784081,145.0306,-0.198,SO2,ppb
2023-10-06 20:00:00,Geelong South,-38.17356,144.3703,-0.25,SO2,ppb
2023-10-06 20:00:00,Altona North,-37.84455,144.8629,-0.564,SO2,ppb
2023-10-07 20:00:00,Alphington,-37.7784081,145.0306,0.081,SO2,ppb
2023-10-07 20:00:00,Geelong South,-38.17356,144.3703,0.101,SO2,ppb
2023-10-07 20:00:00,Altona North,-37.84455,144.8629,2.553,SO2,ppb
2023-10-08 20:00:00,Alphington,-37.7784081,145.0306,0.426,SO2,ppb
2023-10-08 20:00:00,Geelong South,-38.17356,144.3703,0.666,SO2,ppb
2023-10-08 20:00:00,Altona North,-37.84455,144.8629,0.294,SO2,ppb
2023-10-09 20:00:00,Alphington,-37.7784081,145.0306,-0.224,SO2,ppb
2023-10-09 20:00:00,Geelong South,-38.17356,144.3703,0.106,SO2,ppb
2023-10-09 20:00:00,Altona North,-37.84455,144.8629,-0.012,SO2,ppb
2023-10-10 20:00:00,Alphington,-37.7784081,145.0306,0.4,SO2,ppb
2023-10-10 20:00:00,Geelong South,-38.17356,144.3703,0.418,SO2,ppb
2023-10-10 20:00:00,Altona North,-37.84455,144.8629,0.892,SO2,ppb
2023-10-11 20:00:00,Alphington,-37.7784081,145.0306,0.521,SO2,ppb
2023-10-11 20:00:00,Geelong South,-38.17356,144.3703,0.365,SO2,ppb
2023-10-11 20:00:00,Altona North,-37.84455,144.8629,-0.225,SO2,ppb
2023-10-12 20:00:00,Alphington,-37.7784081,145.0306,-0.059,SO2,ppb
2023-10-12 20:00:00,Geelong South,-38.17356,144.3703,0.003,SO2,ppb
2023-10-12 20:00:00,Altona North,-37.84455,144.8629,-0.279,SO2,ppb
2023-10-13 20:00:00,Alphington,-37.7784081,145.0306,0.35,SO2,ppb
2023-10-13 20:00:00,Geelong South,-38.17356,144.3703,0.501,SO2,ppb
2023-10-13 20:00:00,Altona North,-37.84455,144.8629,-2.234,SO2,ppb
2023-10-14 20:00:00,Alphington,-37.7784081,145.0306,0.177,SO2,ppb
2023-10-14 20:00:00,Geelong South,-38.17356,144.3703,0.164,SO2,ppb
2023-10-14 20:00:00,Altona North,-37.84455,144.8629,-0.065,SO2,ppb
2023-10-15 20:00:00,Alphington,-37.7784081,145.0306,-0.115,SO2,ppb
2023-10-15 20:00:00,Geelong South,-38.17356,144.3703,-0.115,SO2,ppb
2023-10-15 20:00:00,Altona North,-37.84455,144.8629,-0.016,SO2,ppb
2023-10-16 20:00:00,Alphington,-37.7784081,145.0306,0.589,SO2,ppb
2023-10-16 20:00:00,Geelong South,-38.17356,144.3703,0.148,SO2,ppb
2023-10-16 20:00:00,Altona North,-37.84455,144.8629,0.226,SO2,ppb
2023-10-17 20:00:00,Alphington,-37.7784081,145.0306,0.244,SO2,ppb
2023-10-17 20:00:00,Geelong South,-38.17356,144.3703,0.036,SO2,ppb
2023-10-17 20:00:00,Altona North,-37.84455,144.8629,0.815,SO2,ppb
2023-10-18 20:00:00,Alphington,-37.7784081,145.0306,0.153,SO2,ppb
2023-10-18 20:00:00,Geelong South,-38.17356,144.3703,0.638,SO2,ppb
2023-10-18 20:00:00,Altona North,-37.84455,144.8629,-0.303,SO2,ppb
2023-10-19 20:00:00,Alphington,-37.7784081,145.0306,0.552,SO2,ppb
2023-10-19 20:00:00,Geelong South,-38.17356,144.3703,0.158,SO2,ppb
2023-10-19 20:00:00,Altona North,-37.84455,144.8629,0.202,SO2,ppb
2023-10-20 20:00:00,Alphington,-37.7784081,145.0306,0.743,SO2,ppb
2023-10-20 20:00:00,Geelong South,-38.17356,144.3703,0.695,SO2,ppb
2023-10-20 20:00:00,Altona North,-37.84455,144.8629,-0.507,SO2,ppb
2023-10-21 20:00:00,Alphington,-37.7784081,145.0306,0.077,SO2,ppb
2023-10-21 20:00:00,Geelong South,-38.17356,144.3703,0.17,SO2,ppb
2023-10-21 20:00:00,Altona North,-37.84455,144.8629,0.288,SO2,ppb
2023-10-22 20:00:00,Alphington,-37.7784081,145.0306,0.865,SO2,ppb
2023-10-22 20:00:00,Geelong South,-38.17356,144.3703,0.032,SO2,ppb
2023-10-22 20:00:00,Altona North,-37.84455,144.8629,-0.32,SO2,ppb
2023-10-23 20:00:00,Alphington,-37.7784081,145.0306,-0.365,SO2,ppb
2023-10-23 20:00:00,Geelong South,-38.17356,144.3703,0.59,SO2,ppb
2023-10-23 20:00:00,Altona North,-37.84455,144.8629,0.818,SO2,ppb
2023-10-24 20:00:00,Geelong South,-38.17356,144.3703,-0.124,SO2,ppb
2023-10-24 20:00:00,Altona North,-37.84455,144.8629,1.043,SO2,ppb
2023-10-25 20:00:00,Alphington,-37.7784081,145.0306,-1.076,SO2,ppb
2023-10-25 20:00:00,Geelong South,-38.17356,144.3703,0.281,SO2,ppb
2023-10-25 20:00:00,Altona North,-37.84455,144.8629,1.949,SO2,ppb
2023-10-26 20:00:00,Alphington,-37.7784081,145.0306,-0.209,SO2,ppb
2023-10-26 20:00:00,Geelong South,-38.17356,144.3703,0.269,SO2,ppb
2023-10-26 20:00:00,Altona North,-37.84455,144.8629,0.523,SO2,ppb
2023-10-27 20:00:00,Alphington,-37.7784081,145.0306,0.233,SO2,ppb
2023-10-27 20:00:00,Geelong South,-38.17356,144.3703,0.468,SO2,ppb
2023-10-27 20:00:00,Altona North,-37.84455,144.8629,0.695,SO2,ppb
2023-10-28 20:00:00,Alphington,-37.7784081,145.0306,0.697,SO2,ppb
2023-10-28 20:00:00,Geelong South,-38.17356,144.3703,-0.329,SO2,ppb
2023-10-28 20:00:00,Altona North,-37.84455,144.8629,-3.086,SO2,ppb
2023-10-29 20:00:00,Alphington,-37.7784081,145.0306,0.505,SO2,ppb
2023-10-29 20:00:00,Geelong South,-38.17356,144.3703,-0.048,SO2,ppb
2023-10-29 20:00:00,Altona North,-37.84455,144.8629,-2.268,SO2,ppb
2023-10-30 20:00:00,Alphington,-37.7784081,145.0306,-0.012,SO2,ppb
2023-10-30 20:00:00,Geelong South,-38.17356,144.3703,0.173,SO2,ppb
2023-10-30 20:00:00,Altona North,-37.84455,144.8629,-2.426,SO2,ppb
2023-10-31 20:00:00,Alphington,-37.7784081,145.0306,0.21,SO2,ppb
2023-10-31 20:00:00,Geelong South,-38.17356,144.3703,0.004,SO2,ppb
2023-10-31 20:00:00,Altona North,-37.84455,144.8629,-1.558,SO2,ppb
2023-11-01 20:00:00,Alphington,-37.7784081,145.0306,0.752,SO2,ppb
2023-11-01 20:00:00,Geelong South,-38.17356,144.3703,0.122,SO2,ppb
2023-11-01 20:00:00,Altona North,-37.84455,144.8629,-1.424,SO2,ppb
2023-11-02 20:00:00,Alphington,-37.7784081,145.0306,0.572,SO2,ppb
2023-11-02 20:00:00,Geelong South,-38.17356,144.3703,0.35,SO2,ppb
2023-11-02 20:00:00,Altona North,-37.84455,144.8629,-0.186,SO2,ppb
2023-11-03 20:00:00,Alphington,-37.7784081,145.0306,0.457,SO2,ppb
2023-11-03 20:00:00,Geelong South,-38.17356,144.3703,0.166,SO2,ppb
2023-11-03 20:00:00,Altona North,-37.84455,144.8629,-1.515,SO2,ppb
2023-11-04 20:00:00,Alphington,-37.7784081,145.0306,0.056,SO2,ppb
2023-11-04 20:00:00,Geelong South,-38.17356,144.3703,-0.073,SO2,ppb
2023-11-04 20:00:00,Altona North,-37.84455,144.8629,-0.352,SO2,ppb
2023-11-05 20:00:00,Alphington,-37.7784081,145.0306,0.274,SO2,ppb
2023-11-05 20:00:00,Geelong South,-38.17356,144.3703,0.441,SO2,ppb
2023-11-05 20:00:00,Altona North,-37.84455,144.8629,0.428,SO2,ppb
2023-11-06 20:00:00,Alphington,-37.7784081,145.0306,-0.023,SO2,ppb
2023-11-06 20:00:00,Geelong South,-38.17356,144.3703,0.352,SO2,ppb
2023-11-06 20:00:00,Altona North,-37.84455,144.8629,-2.544,SO2,ppb
2023-11-07 20:00:00,Alphington,-37.7784081,145.0306,0.499,SO2,ppb
2023-11-07 20:00:00,Geelong South,-38.17356,144.3703,0.211,SO2,ppb
2023-11-07 20:00:00,Altona North,-37.84455,144.8629,-1.761,SO2,ppb
2023-11-08 20:00:00,Alphington,-37.7784081,145.0306,-0.057,SO2,ppb
2023-11-08 20:00:00,Geelong South,-38.17356,144.3703,-0.203,SO2,ppb
2023-11-08 20:00:00,Altona North,-37.84455,144.8629,-1.29,SO2,ppb
2023-11-09 20:00:00,Alphington,-37.7784081,145.0306,-0.086,SO2,ppb
2023-11-09 20:00:00,Geelong South,-38.17356,144.3703,-0.473,SO2,ppb
2023-11-09 20:00:00,Altona North,-37.84455,144.8629,-0.151,SO2,ppb
2023-11-10 20:00:00,Alphington,-37.7784081,145.0306,-0.062,SO2,ppb
2023-11-10 20:00:00,Geelong South,-38.17356,144.3703,-0.055,SO2,ppb
2023-11-10 20:00:00,Altona North,-37.84455,144.8629,-2.192,SO2,ppb
2023-11-11 20:00:00,Alphington,-37.7784081,145.0306,0.685,SO2,ppb
2023-11-11 20:00:00,Geelong South,-38.17356,144.3703,0.255,SO2,ppb
2023-11-11 20:00:00,Altona North,-37.84455,144.8629,-0.748,SO2,ppb
2023-11-12 20:00:00,Alphington,-37.7784081,145.0306,0.323,SO2,ppb
2023-11-12 20:00:00,Geelong South,-38.17356,144.3703,0.335,SO2,ppb
2023-11-12 20:00:00,Altona North,-37.84455,144.8629,-0.149,SO2,ppb
2023-11-13 20:00:00,Alphington,-37.7784081,145.0306,-0.484,SO2,ppb
2023-11-13 20:00:00,Geelong South,-38.17356,144.3703,-0.083,SO2,ppb
2023-11-13 20:00:00,Altona North,-37.84455,144.8629,0.84,SO2,ppb
2023-11-14 20:00:00,Alphington,-37.7784081,145.0306,-0.409,SO2,ppb
2023-11-14 20:00:00,Geelong South,-38.17356,144.3703,0.218,SO2,ppb
2023-11-14 20:00:00,Altona North,-37.84455,144.8629,0.174,SO2,ppb
2023-11-15 20:00:00,Alphington,-37.7784081,145.0306,-0.705,SO2,ppb
2023-11-15 20:00:00,Geelong South,-38.17356,144.3703,0.377,SO2,ppb
2023-11-15 20:00:00,Altona North,-37.84455,144.8629,1.201,SO2,ppb
2023-11-16 20:00:00,Alphington,-37.7784081,145.0306,0.3,SO2,ppb
2023-11-16 20:00:00,Geelong South,-38.17356,144.3703,0.569,SO2,ppb
2023-11-16 20:00:00,Altona North,-37.84455,144.8629,0.181,SO2,ppb
2023-11-17 20:00:00,Alphington,-37.7784081,145.0306,-0.078,SO2,ppb
2023-11-17 20:00:00,Geelong South,-38.17356,144.3703,0.75,SO2,ppb
2023-11-17 20:00:00,Altona North,-37.84455,144.8629,0.585,SO2,ppb
2023-11-18 20:00:00,Alphington,-37.7784081,145.0306,0.498,SO2,ppb
2023-11-18 20:00:00,Geelong South,-38.17356,144.3703,0.565,SO2,ppb
2023-11-18 20:00:00,Altona North,-37.84455,144.8629,-0.688,SO2,ppb
2023-11-19 20:00:00,Alphington,-37.7784081,145.0306,0.771,SO2,ppb
2023-11-19 20:00:00,Geelong South,-38.17356,144.3703,0.66,SO2,ppb
2023-11-19 20:00:00,Altona North,-37.84455,144.8629,-0.634,SO2,ppb
2023-11-20 20:00:00,Alphington,-37.7784081,145.0306,0.045,SO2,ppb
2023-11-20 20:00:00,Geelong South,-38.17356,144.3703,0.282,SO2,ppb
2023-11-20 20:00:00,Altona North,-37.84455,144.8629,-0.254,SO2,ppb
2023-11-21 20:00:00,Alphington,-37.7784081,145.0306,0.347,SO2,ppb
2023-11-21 20:00:00,Geelong South,-38.17356,144.3703,-0.098,SO2,ppb
2023-11-21 20:00:00,Altona North,-37.84455,144.8629,0.807,SO2,ppb
2023-11-22 20:00:00,Alphington,-37.7784081,145.0306,0.352,SO2,ppb
2023-11-22 20:00:00,Geelong South,-38.17356,144.3703,-0.063,SO2,ppb
2023-11-22 20:00:00,Altona North,-37.84455,144.8629,2.217,SO2,ppb
2023-11-23 20:00:00,Alphington,-37.7784081,145.0306,-0.622,SO2,ppb
2023-11-23 20:00:00,Geelong South,-38.17356,144.3703,-0.231,SO2,ppb
2023-11-23 20:00:00,Altona North,-37.84455,144.8629,-0.737,SO2,ppb
2023-11-24 20:00:00,Alphington,-37.7784081,145.0306,-0.636,SO2,ppb
2023-11-24 20:00:00,Geelong South,-38.17356,144.3703,-0.506,SO2,ppb
2023-11-24 20:00:00,Altona North,-37.84455,144.8629,-3.403,SO2,ppb
2023-11-25 20:00:00,Alphington,-37.7784081,145.0306,-0.036,SO2,ppb
2023-11-25 20:00:00,Geelong South,-38.17356,144.3703,-0.322,SO2,ppb
2023-11-25 20:00:00,Altona North,-37.84455,144.8629,-0.653,SO2,ppb
2023-11-26 20:00:00,Alphington,-37.7784081,145.0306,0.869,SO2,ppb
2023-11-26 20:00:00,Geelong South,-38.17356,144.3703,0.151,SO2,ppb
2023-11-26 20:00:00,Altona North,-37.84455,144.8629,0.267,SO2,ppb
2023-11-27 20:00:00,Alphington,-37.7784081,145.0306,-0.154,SO2,ppb
2023-11-27 20:00:00,Geelong South,-38.17356,144.3703,-0.102,SO2,ppb
2023-11-27 20:00:00,Altona North,-37.84455,144.8629,-0.086,SO2,ppb
2023-11-28 20:00:00,Alphington,-37.7784081,145.0306,-0.229,SO2,ppb
2023-11-28 20:00:00,Altona North,-37.84455,144.8629,0.701,SO2,ppb
2023-11-29 20:00:00,Alphington,-37.7784081,145.0306,1.3,SO2,ppb
2023-11-29 20:00:00,Altona North,-37.84455,144.8629,0.322,SO2,ppb
2023-11-30 20:00:00,Alphington,-37.7784081,145.0306,0.607,SO2,ppb
2023-11-30 20:00:00,Altona North,-37.84455,144.8629,1.558,SO2,ppb
2023-12-01 20:00:00,Alphington,-37.7784081,145.0306,0.197,SO2,ppb
2023-12-01 20:00:00,Altona North,-37.84455,144.8629,-0.004,SO2,ppb
2023-12-02 20:00:00,Alphington,-37.7784081,145.0306,0.005,SO2,ppb
2023-12-02 20:00:00,Altona North,-37.84455,144.8629,1.675,SO2,ppb
2023-12-03 20:00:00,Alphington,-37.7784081,145.0306,1.517,SO2,ppb
2023-12-03 20:00:00,Altona North,-37.84455,144.8629,3.43,SO2,ppb
2023-12-04 20:00:00,Alphington,-37.7784081,145.0306,-0.484,SO2,ppb
2023-12-04 20:00:00,Altona North,-37.84455,144.8629,1.267,SO2,ppb
2023-12-05 20:00:00,Alphington,-37.7784081,145.0306,-0.793,SO2,ppb
2023-12-05 20:00:00,Altona North,-37.84455,144.8629,1.085,SO2,ppb
2023-12-06 20:00:00,Alphington,-37.7784081,145.0306,0.309,SO2,ppb
2023-12-06 20:00:00,Altona North,-37.84455,144.8629,1.363,SO2,ppb
2023-12-07 20:00:00,Alphington,-37.7784081,145.0306,-0.87,SO2,ppb
2023-12-07 20:00:00,Altona North,-37.84455,144.8629,0.256,SO2,ppb
2023-12-08 20:00:00,Alphington,-37.7784081,145.0306,-0.201,SO2,ppb
2023-12-08 20:00:00,Altona North,-37.84455,144.8629,0.34,SO2,ppb
2023-12-09 20:00:00,Alphington,-37.7784081,145.0306,0.1,SO2,ppb
2023-12-09 20:00:00,Altona North,-37.84455,144.8629,-0.018,SO2,ppb
2023-12-09 20:00:00,Geelong South,-38.17356,144.3703,0.152,SO2,ppb
2023-12-10 20:00:00,Alphington,-37.7784081,145.0306,0.796,SO2,ppb
2023-12-10 20:00:00,Geelong South,-38.17356,144.3703,0.01,SO2,ppb
2023-12-10 20:00:00,Altona North,-37.84455,144.8629,-0.043,SO2,ppb
2023-12-11 20:00:00,Alphington,-37.7784081,145.0306,-0.968,SO2,ppb
2023-12-11 20:00:00,Geelong South,-38.17356,144.3703,-0.112,SO2,ppb
2023-12-11 20:00:00,Altona North,-37.84455,144.8629,-0.447,SO2,ppb
2023-12-12 20:00:00,Alphington,-37.7784081,145.0306,-0.983,SO2,ppb
2023-12-12 20:00:00,Geelong South,-38.17356,144.3703,-0.483,SO2,ppb
2023-12-12 20:00:00,Altona North,-37.84455,144.8629,-3.507,SO2,ppb
2023-12-13 20:00:00,Alphington,-37.7784081,145.0306,-0.384,SO2,ppb
2023-12-13 20:00:00,Altona North,-37.84455,144.8629,-3.793,SO2,ppb
2023-12-14 20:00:00,Alphington,-37.7784081,145.0306,-0.151,SO2,ppb
2023-12-14 20:00:00,Altona North,-37.84455,144.8629,1.578,SO2,ppb
2023-12-15 20:00:00,Alphington,-37.7784081,145.0306,0.125,SO2,ppb
2023-12-15 20:00:00,Altona North,-37.84455,144.8629,2.007,SO2,ppb
2023-12-16 20:00:00,Alphington,-37.7784081,145.0306,1.041,SO2,ppb
2023-12-16 20:00:00,Altona North,-37.84455,144.8629,1.879,SO2,ppb
2023-12-17 20:00:00,Alphington,-37.7784081,145.0306,0.553,SO2,ppb
2023-12-17 20:00:00,Altona North,-37.84455,144.8629,1.266,SO2,ppb
2023-12-18 20:00:00,Alphington,-37.7784081,145.0306,-0.343,SO2,ppb
2023-12-18 20:00:00,Altona North,-37.84455,144.8629,-0.571,SO2,ppb
2023-12-19 20:00:00,Alphington,-37.7784081,145.0306,0.14,SO2,ppb
2023-12-19 20:00:00,Altona North,-37.84455,144.8629,1.358,SO2,ppb
2023-12-20 20:00:00,Alphington,-37.7784081,145.0306,0.986,SO2,ppb
2023-12-20 20:00:00,Altona North,-37.84455,144.8629,1.572,SO2,ppb
2023-12-21 20:00:00,Alphington,-37.7784081,145.0306,1.148,SO2,ppb
2023-12-21 20:00:00,Altona North,-37.84455,144.8629,0.066,SO2,ppb
2023-12-22 20:00:00,Alphington,-37.7784081,145.0306,0.717,SO2,ppb
2023-12-22 20:00:00,Altona North,-37.84455,144.8629,0.936,SO2,ppb
2023-12-23 20:00:00,Alphington,-37.7784081,145.0306,0.376,SO2,ppb
2023-12-23 20:00:00,Altona North,-37.84455,144.8629,1.12,SO2,ppb
2023-12-24 20:00:00,Alphington,-37.7784081,145.0306,0.527,SO2,ppb
2023-12-24 20:00:00,Altona North,-37.84455,144.8629,0.393,SO2,ppb
2023-12-25 20:00:00,Alphington,-37.7784081,145.0306,0.296,SO2,ppb
2023-12-25 20:00:00,Altona North,-37.84455,144.8629,-0.814,SO2,ppb
2023-12-26 20:00:00,Alphington,-37.7784081,145.0306,-0.158,SO2,ppb
2023-12-26 20:00:00,Altona North,-37.84455,144.8629,0.429,SO2,ppb
2023-12-27 20:00:00,Alphington,-37.7784081,145.0306,-0.24,SO2,ppb
2023-12-27 20:00:00,Altona North,-37.84455,144.8629,-0.921,SO2,ppb
2023-12-28 20:00:00,Alphington,-37.7784081,145.0306,0.781,SO2,ppb
2023-12-28 20:00:00,Altona North,-37.84455,144.8629,-0.162,SO2,ppb
2023-12-29 20:00:00,Altona North,-37.84455,144.8629,1.164,SO2,ppb
2023-12-29 20:00:00,Alphington,-37.7784081,145.0306,0.402,SO2,ppb
2023-12-30 20:00:00,Alphington,-37.7784081,145.0306,0.09,SO2,ppb
2023-12-30 20:00:00,Altona North,-37.84455,144.8629,1.994,SO2,ppb
2023-12-31 20:00:00,Alphington,-37.7784081,145.0306,0.6,SO2,ppb
2023-12-31 20:00:00,Altona North,-37.84455,144.8629,-1.215,SO2,ppb