2023-01-01 06:00:00,Dandenong,-37.98576,145.1987,10.974,PM2.5,ug/m3
2023-01-01 06:00:00,Geelong South,-38.17356,144.3703,10.845,PM2.5,ug/m3
2023-01-01 06:00:00,Box Hill,-37.8287277,145.1324,10.934,PM2.5,ug/m3
2023-01-01 06:00:00,Footscray,-37.803709,144.869342,11.611,PM2.5,ug/m3
2023-01-01 06:00:00,Brighton,-37.9135475,144.998,12.206,PM2.5,ug/m3
2023-01-01 12:00:00,Dandenong,-37.98576,145.1987,13.503,PM2.5,ug/m3
2023-01-01 12:00:00,Geelong South,-38.17356,144.3703,15.417,PM2.5,ug/m3
2023-01-01 12:00:00,Box Hill,-37.8287277,145.1324,9.261,PM2.5,ug/m3
2023-01-01 12:00:00,Footscray,-37.803709,144.869342,11.326,PM2.5,ug/m3
2023-01-01 12:00:00,Brighton,-37.9135475,144.998,8.781,PM2.5,ug/m3
2023-01-01 18:00:00,Alphington,-37.7784081,145.0306,10.495,PM2.5,ug/m3
2023-01-01 18:00:00,Geelong South,-38.17356,144.3703,5.143,PM2.5,ug/m3
2023-01-01 18:00:00,Box Hill,-37.8287277,145.1324,5.916,PM2.5,ug/m3
2023-01-01 18:00:00,Footscray,-37.803709,144.869342,7.797,PM2.5,ug/m3
2023-01-01 18:00:00,Brighton,-37.9135475,144.998,8.522,PM2.5,ug/m3
2023-01-15 06:00:00,Alphington,-37.7784081,145.0306,11.644,PM2.5,ug/m3
2023-01-15 06:00:00,Geelong South,-38.17356,144.3703,7.723,PM2.5,ug/m3
2023-01-15 06:00:00,Box Hill,-37.8287277,145.1324,9.734,PM2.5,ug/m3
2023-01-15 06:00:00,Footscray,-37.803709,144.869342,6.02,PM2.5,ug/m3
2023-01-15 06:00:00,Brighton,-37.9135475,144.998,11.76,PM2.5,ug/m3
2023-01-15 12:00:00,Alphington,-37.7784081,145.0306,2.957,PM2.5,ug/m3
2023-01-15 12:00:00,Geelong South,-38.17356,144.3703,2.092,PM2.5,ug/m3
2023-01-15 12:00:00,Box Hill,-37.8287277,145.1324,6.16,PM2.5,ug/m3
2023-01-15 12:00:00,Footscray,-37.803709,144.869342,4.073,PM2.5,ug/m3
2023-01-15 12:00:00,Brighton,-37.9135475,144.998,8.55,PM2.5,ug/m3
2023-01-15 18:00:00,Alphington,-37.7784081,145.0306,9.317,PM2.5,ug/m3
2023-01-15 18:00:00,Geelong South,-38.17356,144.3703,6.784,PM2.5,ug/m3
2023-01-15 18:00:00,Box Hill,-37.8287277,145.1324,5.377,PM2.5,ug/m3
2023-01-15 18:00:00,Footscray,-37.803709,144.869342,6.937,PM2.5,ug/m3
2023-01-15 18:00:00,Brighton,-37.9135475,144.998,14.426,PM2.5,ug/m3
2023-01-28 06:00:00,Dandenong,-37.98576,145.1987,6.598,PM2.5,ug/m3
2023-01-28 06:00:00,Melbourne CBD,-37.8073959,144.97,6.749,PM2.5,ug/m3
2023-01-28 06:00:00,Alphington,-37.7784081,145.0306,4.718,PM2.5,ug/m3
2023-01-28 06:00:00,Geelong South,-38.17356,144.3703,6.186,PM2.5,ug/m3
2023-01-28 06:00:00,Box Hill,-37.8287277,145.1324,3.219,PM2.5,ug/m3
2023-01-28 06:00:00,Footscray,-37.803709,144.869342,9.755,PM2.5,ug/m3
2023-01-28 06:00:00,Brighton,-37.9135475,144.998,6.048,PM2.5,ug/m3
2023-01-28 12:00:00,Dandenong,-37.98576,145.1987,2.087,PM2.5,ug/m3
2023-01-28 12:00:00,Melbourne CBD,-37.8073959,144.97,8.162,PM2.5,ug/m3
2023-01-28 12:00:00,Alphington,-37.7784081,145.0306,8.207,PM2.5,ug/m3
2023-01-28 12:00:00,Geelong South,-38.17356,144.3703,6.109,PM2.5,ug/m3
2023-01-28 12:00:00,Box Hill,-37.8287277,145.1324,4.144,PM2.5,ug/m3
2023-01-28 12:00:00,Footscray,-37.803709,144.869342,13.338,PM2.5,ug/m3
2023-01-28 12:00:00,Brighton,-37.9135475,144.998,10.419,PM2.5,ug/m3
2023-01-28 18:00:00,Dandenong,-37.98576,145.1987,1.818,PM2.5,ug/m3
2023-01-28 18:00:00,Melbourne CBD,-37.8073959,144.97,8.68,PM2.5,ug/m3
2023-01-28 18:00:00,Alphington,-37.7784081,145.0306,1.351,PM2.5,ug/m3
2023-01-28 18:00:00,Geelong South,-38.17356,144.3703,1.629,PM2.5,ug/m3
2023-01-28 18:00:00,Box Hill,-37.8287277,145.1324,2.454,PM2.5,ug/m3
2023-01-28 18:00:00,Footscray,-37.803709,144.869342,-0.764,PM2.5,ug/m3
2023-01-28 18:00:00,Brighton,-37.9135475,144.998,4.553,PM2.5,ug/m3
2023-02-01 06:00:00,Dandenong,-37.98576,145.1987,3.576,PM2.5,ug/m3
2023-02-01 06:00:00,Melbourne CBD,-37.8073959,144.97,7.134,PM2.5,ug/m3
2023-02-01 06:00:00,Alphington,-37.7784081,145.0306,4.635,PM2.5,ug/m3
2023-02-01 06:00:00,Geelong South,-38.17356,144.3703,2.32,PM2.5,ug/m3
2023-02-01 06:00:00,Box Hill,-37.8287277,145.1324,-1.981,PM2.5,ug/m3
2023-02-01 06:00:00,Footscray,-37.803709,144.869342,1.711,PM2.5,ug/m3
2023-02-01 06:00:00,Brighton,-37.9135475,144.998,5.932,PM2.5,ug/m3
2023-02-01 12:00:00,Dandenong,-37.98576,145.1987,9.735,PM2.5,ug/m3
2023-02-01 12:00:00,Melbourne CBD,-37.8073959,144.97,15.117,PM2.5,ug/m3
2023-02-01 12:00:00,Alphington,-37.7784081,145.0306,8.573,PM2.5,ug/m3
2023-02-01 12:00:00,Geelong South,-38.17356,144.3703,4.193,PM2.5,ug/m3
2023-02-01 12:00:00,Box Hill,-37.8287277,145.1324,6.521,PM2.5,ug/m3
2023-02-01 12:00:00,Footscray,-37.803709,144.869342,7.343,PM2.5,ug/m3
2023-02-01 12:00:00,Brighton,-37.9135475,144.998,11.931,PM2.5,ug/m3
2023-02-01 18:00:00,Dandenong,-37.98576,145.1987,3.951,PM2.5,ug/m3
2023-02-01 18:00:00,Melbourne CBD,-37.8073959,144.97,3.184,PM2.5,ug/m3
2023-02-01 18:00:00,Alphington,-37.7784081,145.0306,5.293,PM2.5,ug/m3
2023-02-01 18:00:00,Geelong South,-38.17356,144.3703,4.619,PM2.5,ug/m3
2023-02-01 18:00:00,Box Hill,-37.8287277,145.1324,1.46,PM2.5,ug/m3
2023-02-01 18:00:00,Footscray,-37.803709,144.869342,1.995,PM2.5,ug/m3
2023-02-01 18:00:00,Brighton,-37.9135475,144.998,5.28,PM2.5,ug/m3
2023-02-15 06:00:00,Dandenong,-37.98576,145.1987,4.75,PM2.5,ug/m3
2023-02-15 06:00:00,Melbourne CBD,-37.8073959,144.97,9.306,PM2.5,ug/m3
2023-02-15 06:00:00,Alphington,-37.7784081,145.0306,4.096,PM2.5,ug/m3
2023-02-15 06:00:00,Geelong South,-38.17356,144.3703,2.508,PM2.5,ug/m3
2023-02-15 06:00:00,Box Hill,-37.8287277,145.1324,1.267,PM2.5,ug/m3
2023-02-15 06:00:00,Footscray,-37.803709,144.869342,6.287,PM2.5,ug/m3
2023-02-15 06:00:00,Brighton,-37.9135475,144.998,8.993,PM2.5,ug/m3
2023-02-15 12:00:00,Dandenong,-37.98576,145.1987,4.959,PM2.5,ug/m3
2023-02-15 12:00:00,Melton,-37.7064552,144.5669,9.011,PM2.5,ug/m3
2023-02-15 12:00:00,Alphington,-37.7784081,145.0306,8.857,PM2.5,ug/m3
2023-02-15 12:00:00,Geelong South,-38.17356,144.3703,5.178,PM2.5,ug/m3
2023-02-15 12:00:00,Box Hill,-37.8287277,145.1324,3.286,PM2.5,ug/m3
2023-02-15 12:00:00,Footscray,-37.803709,144.869342,22.253,PM2.5,ug/m3
2023-02-15 12:00:00,Brighton,-37.9135475,144.998,4.423,PM2.5,ug/m3
2023-02-15 18:00:00,Dandenong,-37.98576,145.1987,1.746,PM2.5,ug/m3
2023-02-15 18:00:00,Melton,-37.7064552,144.5669,4.731,PM2.5,ug/m3
2023-02-15 18:00:00,Melbourne CBD,-37.8073959,144.97,7.345,PM2.5,ug/m3
2023-02-15 18:00:00,Alphington,-37.7784081,145.0306,8.467,PM2.5,ug/m3
2023-02-15 18:00:00,Geelong South,-38.17356,144.3703,7.268,PM2.5,ug/m3
2023-02-15 18:00:00,Box Hill,-37.8287277,145.1324,6.88,PM2.5,ug/m3
2023-02-15 18:00:00,Footscray,-37.803709,144.869342,10.062,PM2.5,ug/m3
2023-02-15 18:00:00,Brighton,-37.9135475,144.998,5.782,PM2.5,ug/m3
2023-02-28 06:00:00,Dandenong,-37.98576,145.1987,3.741,PM2.5,ug/m3
2023-02-28 06:00:00,Melton,-37.7064552,144.5669,6.209,PM2.5,ug/m3
2023-02-28 06:00:00,Melbourne CBD,-37.8073959,144.97,9.398,PM2.5,ug/m3
2023-02-28 06:00:00,Alphington,-37.7784081,145.0306,3.154,PM2.5,ug/m3
2023-02-28 06:00:00,Geelong South,-38.17356,144.3703,2.754,PM2.5,ug/m3
2023-02-28 06:00:00,Box Hill,-37.8287277,145.1324,3.219,PM2.5,ug/m3
2023-02-28 06:00:00,Footscray,-37.803709,144.869342,7.039,PM2.5,ug/m3
2023-02-28 06:00:00,Brighton,-37.9135475,144.998,6.424,PM2.5,ug/m3
2023-02-28 12:00:00,Dandenong,-37.98576,145.1987,12.15,PM2.5,ug/m3
2023-02-28 12:00:00,Melton,-37.7064552,144.5669,5.216,PM2.5,ug/m3
2023-02-28 12:00:00,Melbourne CBD,-37.8073959,144.97,8.129,PM2.5,ug/m3
2023-02-28 12:00:00,Alphington,-37.7784081,145.0306,5.138,PM2.5,ug/m3
2023-02-28 12:00:00,Geelong South,-38.17356,144.3703,3.328,PM2.5,ug/m3
2023-02-28 12:00:00,Box Hill,-37.8287277,145.1324,6.231,PM2.5,ug/m3
2023-02-28 12:00:00,Footscray,-37.803709,144.869342,4.263,PM2.5,ug/m3
2023-02-28 12:00:00,Brighton,-37.9135475,144.998,9.551,PM2.5,ug/m3
2023-02-28 18:00:00,Dandenong,-37.98576,145.1987,2.329,PM2.5,ug/m3
2023-02-28 18:00:00,Melton,-37.7064552,144.5669,4.498,PM2.5,ug/m3
2023-02-28 18:00:00,Melbourne CBD,-37.8073959,144.97,9.556,PM2.5,ug/m3
2023-02-28 18:00:00,Alphington,-37.7784081,145.0306,7.716,PM2.5,ug/m3
2023-02-28 18:00:00,Geelong South,-38.17356,144.3703,-0.941,PM2.5,ug/m3
2023-02-28 18:00:00,Box Hill,-37.8287277,145.1324,3.062,PM2.5,ug/m3
2023-02-28 18:00:00,Footscray,-37.803709,144.869342,3.228,PM2.5,ug/m3
2023-02-28 18:00:00,Brighton,-37.9135475,144.998,6.189,PM2.5,ug/m3
2023-03-01 06:00:00,Dandenong,-37.98576,145.1987,0.424,PM2.5,ug/m3
2023-03-01 06:00:00,Melton,-37.7064552,144.5669,-0.966,PM2.5,ug/m3
2023-03-01 06:00:00,Melbourne CBD,-37.8073959,144.97,3.092,PM2.5,ug/m3
2023-03-01 06:00:00,Alphington,-37.7784081,145.0306,5.522,PM2.5,ug/m3
2023-03-01 06:00:00,Geelong South,-38.17356,144.3703,-0.3,PM2.5,ug/m3
2023-03-01 06:00:00,Box Hill,-37.8287277,145.1324,0.109,PM2.5,ug/m3
2023-03-01 06:00:00,Brighton,-37.9135475,144.998,-0.848,PM2.5,ug/m3
2023-03-01 12:00:00,Dandenong,-37.98576,145.1987,6.361,PM2.5,ug/m3
2023-03-01 12:00:00,Melton,-37.7064552,144.5669,2.167,PM2.5,ug/m3
2023-03-01 12:00:00,Melbourne CBD,-37.8073959,144.97,9.349,PM2.5,ug/m3
2023-03-01 12:00:00,Alphington,-37.7784081,145.0306,7.866,PM2.5,ug/m3
2023-03-01 12:00:00,Geelong South,-38.17356,144.3703,-1.476,PM2.5,ug/m3
2023-03-01 12:00:00,Box Hill,-37.8287277,145.1324,10.935,PM2.5,ug/m3
2023-03-01 12:00:00,Footscray,-37.803709,144.869342,6.175,PM2.5,ug/m3
2023-03-01 12:00:00,Brighton,-37.9135475,144.998,8.151,PM2.5,ug/m3
2023-03-01 18:00:00,Dandenong,-37.98576,145.1987,5.711,PM2.5,ug/m3
2023-03-01 18:00:00,Melton,-37.7064552,144.5669,11.444,PM2.5,ug/m3
2023-03-01 18:00:00,Melbourne CBD,-37.8073959,144.97,7.63,PM2.5,ug/m3
2023-03-01 18:00:00,Alphington,-37.7784081,145.0306,2.897,PM2.5,ug/m3
2023-03-01 18:00:00,Geelong South,-38.17356,144.3703,3.878,PM2.5,ug/m3
2023-03-01 18:00:00,Box Hill,-37.8287277,145.1324,1.274,PM2.5,ug/m3
2023-03-01 18:00:00,Footscray,-37.803709,144.869342,4.786,PM2.5,ug/m3
2023-03-01 18:00:00,Brighton,-37.9135475,144.998,1.505,PM2.5,ug/m3
2023-03-15 06:00:00,Dandenong,-37.98576,145.1987,9.861,PM2.5,ug/m3
2023-03-15 06:00:00,Melton,-37.7064552,144.5669,3.424,PM2.5,ug/m3
2023-03-15 06:00:00,Melbourne CBD,-37.8073959,144.97,13.482,PM2.5,ug/m3
2023-03-15 06:00:00,Alphington,-37.7784081,145.0306,12.01,PM2.5,ug/m3
2023-03-15 06:00:00,Geelong South,-38.17356,144.3703,14.964,PM2.5,ug/m3
2023-03-15 06:00:00,Box Hill,-37.8287277,145.1324,14.832,PM2.5,ug/m3
2023-03-15 06:00:00,Footscray,-37.803709,144.869342,11.673,PM2.5,ug/m3
2023-03-15 06:00:00,Brighton,-37.9135475,144.998,13.752,PM2.5,ug/m3
2023-03-15 12:00:00,Dandenong,-37.98576,145.1987,9.95,PM2.5,ug/m3
2023-03-15 12:00:00,Melton,-37.7064552,144.5669,16.555,PM2.5,ug/m3
2023-03-15 12:00:00,Melbourne CBD,-37.8073959,144.97,25.273,PM2.5,ug/m3
2023-03-15 12:00:00,Alphington,-37.7784081,145.0306,27.563,PM2.5,ug/m3
2023-03-15 12:00:00,Geelong South,-38.17356,144.3703,24.092,PM2.5,ug/m3
2023-03-15 12:00:00,Box Hill,-37.8287277,145.1324,9.861,PM2.5,ug/m3
2023-03-15 12:00:00,Footscray,-37.803709,144.869342,34.133,PM2.5,ug/m3
2023-03-15 12:00:00,Brighton,-37.9135475,144.998,22.694,PM2.5,ug/m3
2023-03-15 18:00:00,Dandenong,-37.98576,145.1987,6.667,PM2.5,ug/m3
2023-03-15 18:00:00,Melton,-37.7064552,144.5669,16.501,PM2.5,ug/m3
2023-03-15 18:00:00,Melbourne CBD,-37.8073959,144.97,21.063,PM2.5,ug/m3
2023-03-15 18:00:00,Alphington,-37.7784081,145.0306,19.397,PM2.5,ug/m3
2023-03-15 18:00:00,Geelong South,-38.17356,144.3703,12.413,PM2.5,ug/m3
2023-03-15 18:00:00,Box Hill,-37.8287277,145.1324,23.829,PM2.5,ug/m3
2023-03-15 18:00:00,Footscray,-37.803709,144.869342,13.515,PM2.5,ug/m3
2023-03-15 18:00:00,Brighton,-37.9135475,144.998,14.639,PM2.5,ug/m3
2023-03-28 06:00:00,Dandenong,-37.98576,145.1987,3.85,PM2.5,ug/m3
2023-03-28 06:00:00,Melton,-37.7064552,144.5669,7.421,PM2.5,ug/m3
2023-03-28 06:00:00,Melbourne CBD,-37.8073959,144.97,10.055,PM2.5,ug/m3
2023-03-28 06:00:00,Alphington,-37.7784081,145.0306,3.427,PM2.5,ug/m3
2023-03-28 06:00:00,Geelong South,-38.17356,144.3703,0.319,PM2.5,ug/m3
2023-03-28 06:00:00,Box Hill,-37.8287277,145.1324,2.476,PM2.5,ug/m3
2023-03-28 06:00:00,Footscray,-37.803709,144.869342,10.437,PM2.5,ug/m3
2023-03-28 06:00:00,Brighton,-37.9135475,144.998,7.512,PM2.5,ug/m3
2023-03-28 12:00:00,Dandenong,-37.98576,145.1987,2.127,PM2.5,ug/m3
2023-03-28 12:00:00,Melton,-37.7064552,144.5669,6.531,PM2.5,ug/m3
2023-03-28 12:00:00,Melbourne CBD,-37.8073959,144.97,13.712,PM2.5,ug/m3
2023-03-28 12:00:00,Geelong South,-38.17356,144.3703,3.108,PM2.5,ug/m3
2023-03-28 12:00:00,Box Hill,-37.8287277,145.1324,6.167,PM2.5,ug/m3
2023-03-28 12:00:00,Footscray,-37.803709,144.869342,19.761,PM2.5,ug/m3
2023-03-28 18:00:00,Melton,-37.7064552,144.5669,4.408,PM2.5,ug/m3
2023-03-28 18:00:00,Melbourne CBD,-37.8073959,144.97,5.494,PM2.5,ug/m3
2023-03-28 18:00:00,Alphington,-37.7784081,145.0306,2.732,PM2.5,ug/m3
2023-03-28 18:00:00,Geelong South,-38.17356,144.3703,5.648,PM2.5,ug/m3
2023-03-28 18:00:00,Box Hill,-37.8287277,145.1324,6.488,PM2.5,ug/m3
2023-03-28 18:00:00,Footscray,-37.803709,144.869342,0.843,PM2.5,ug/m3
2023-03-28 18:00:00,Brighton,-37.9135475,144.998,6.093,PM2.5,ug/m3
2023-04-01 06:00:00,Dandenong,-37.98576,145.1987,-1.927,PM2.5,ug/m3
2023-04-01 06:00:00,Melton,-37.7064552,144.5669,3.925,PM2.5,ug/m3
2023-04-01 06:00:00,Melbourne CBD,-37.8073959,144.97,2.682,PM2.5,ug/m3
2023-04-01 06:00:00,Alphington,-37.7784081,145.0306,4.578,PM2.5,ug/m3
2023-04-01 06:00:00,Geelong South,-38.17356,144.3703,-0.403,PM2.5,ug/m3
2023-04-01 06:00:00,Box Hill,-37.8287277,145.1324,3.754,PM2.5,ug/m3
2023-04-01 06:00:00,Footscray,-37.803709,144.869342,4.26,PM2.5,ug/m3
2023-04-01 06:00:00,Brighton,-37.9135475,144.998,0.313,PM2.5,ug/m3
2023-04-01 12:00:00,Dandenong,-37.98576,145.1987,1.466,PM2.5,ug/m3
2023-04-01 12:00:00,Melton,-37.7064552,144.5669,2.262,PM2.5,ug/m3
2023-04-01 12:00:00,Melbourne CBD,-37.8073959,144.97,15.106,PM2.5,ug/m3
2023-04-01 12:00:00,Alphington,-37.7784081,145.0306,4.373,PM2.5,ug/m3
2023-04-01 12:00:00,Geelong South,-38.17356,144.3703,-8.548,PM2.5,ug/m3
2023-04-01 12:00:00,Box Hill,-37.8287277,145.1324,5.789,PM2.5,ug/m3
2023-04-01 12:00:00,Footscray,-37.803709,144.869342,3.91,PM2.5,ug/m3
2023-04-01 12:00:00,Brighton,-37.9135475,144.998,3.367,PM2.5,ug/m3
2023-04-01 18:00:00,Dandenong,-37.98576,145.1987,1.265,PM2.5,ug/m3
2023-04-01 18:00:00,Melton,-37.7064552,144.5669,-6.053,PM2.5,ug/m3
2023-04-01 18:00:00,Melbourne CBD,-37.8073959,144.97,6.556,PM2.5,ug/m3
2023-04-01 18:00:00,Alphington,-37.7784081,145.0306,5.103,PM2.5,ug/m3
2023-04-01 18:00:00,Geelong South,-38.17356,144.3703,5.638,PM2.5,ug/m3
2023-04-01 18:00:00,Box Hill,-37.8287277,145.1324,4.609,PM2.5,ug/m3
2023-04-01 18:00:00,Footscray,-37.803709,144.869342,2.919,PM2.5,ug/m3
2023-04-01 18:00:00,Brighton,-37.9135475,144.998,-1.051,PM2.5,ug/m3
2023-04-15 06:00:00,Dandenong,-37.98576,145.1987,6.376,PM2.5,ug/m3
2023-04-15 06:00:00,Melton,-37.7064552,144.5669,9.556,PM2.5,ug/m3
2023-04-15 06:00:00,Melbourne CBD,-37.8073959,144.97,14.201,PM2.5,ug/m3
2023-04-15 06:00:00,Alphington,-37.7784081,145.0306,10.275,PM2.5,ug/m3
2023-04-15 06:00:00,Geelong South,-38.17356,144.3703,7.367,PM2.5,ug/m3
2023-04-15 06:00:00,Box Hill,-37.8287277,145.1324,10.333,PM2.5,ug/m3
2023-04-15 06:00:00,Footscray,-37.803709,144.869342,13.701,PM2.5,ug/m3
2023-04-15 06:00:00,Brighton,-37.9135475,144.998,8.506,PM2.5,ug/m3
2023-04-15 12:00:00,Melton,-37.7064552,144.5669,2.463,PM2.5,ug/m3
2023-04-15 12:00:00,Melbourne CBD,-37.8073959,144.97,4.894,PM2.5,ug/m3
2023-04-15 12:00:00,Alphington,-37.7784081,145.0306,2.924,PM2.5,ug/m3
2023-04-15 12:00:00,Geelong South,-38.17356,144.3703,3.065,PM2.5,ug/m3
2023-04-15 12:00:00,Box Hill,-37.8287277,145.1324,1.456,PM2.5,ug/m3
2023-04-15 12:00:00,Footscray,-37.803709,144.869342,5.45,PM2.5,ug/m3
2023-04-15 12:00:00,Brighton,-37.9135475,144.998,1.418,PM2.5,ug/m3
2023-04-15 18:00:00,Dandenong,-37.98576,145.1987,3.888,PM2.5,ug/m3
2023-04-15 18:00:00,Melton,-37.7064552,144.5669,2.159,PM2.5,ug/m3
2023-04-15 18:00:00,Melbourne CBD,-37.8073959,144.97,9.854,PM2.5,ug/m3
2023-04-15 18:00:00,Alphington,-37.7784081,145.0306,5.343,PM2.5,ug/m3
2023-04-15 18:00:00,Geelong South,-38.17356,144.3703,0.52,PM2.5,ug/m3
2023-04-15 18:00:00,Box Hill,-37.8287277,145.1324,3.705,PM2.5,ug/m3
2023-04-15 18:00:00,Footscray,-37.803709,144.869342,7.775,PM2.5,ug/m3
2023-04-15 18:00:00,Brighton,-37.9135475,144.998,0.432,PM2.5,ug/m3
2023-04-28 06:00:00,Dandenong,-37.98576,145.1987,2.151,PM2.5,ug/m3
2023-04-28 06:00:00,Melton,-37.7064552,144.5669,0.066,PM2.5,ug/m3
2023-04-28 06:00:00,Melbourne CBD,-37.8073959,144.97,6.889,PM2.5,ug/m3
2023-04-28 06:00:00,Alphington,-37.7784081,145.0306,4.92,PM2.5,ug/m3
2023-04-28 06:00:00,Geelong South,-38.17356,144.3703,4.686,PM2.5,ug/m3
2023-04-28 06:00:00,Box Hill,-37.8287277,145.1324,7.097,PM2.5,ug/m3
2023-04-28 06:00:00,Footscray,-37.803709,144.869342,6.467,PM2.5,ug/m3
2023-04-28 06:00:00,Brighton,-37.9135475,144.998,2.625,PM2.5,ug/m3
2023-04-28 12:00:00,Dandenong,-37.98576,145.1987,5.442,PM2.5,ug/m3
2023-04-28 12:00:00,Melton,-37.7064552,144.5669,4.512,PM2.5,ug/m3
2023-04-28 12:00:00,Melbourne CBD,-37.8073959,144.97,0.54,PM2.5,ug/m3
2023-04-28 12:00:00,Alphington,-37.7784081,145.0306,4.218,PM2.5,ug/m3
2023-04-28 12:00:00,Geelong South,-38.17356,144.3703,23.531,PM2.5,ug/m3
2023-04-28 12:00:00,Box Hill,-37.8287277,145.1324,1.405,PM2.5,ug/m3
2023-04-28 12:00:00,Footscray,-37.803709,144.869342,7.31,PM2.5,ug/m3
2023-04-28 12:00:00,Brighton,-37.9135475,144.998,-1.045,PM2.5,ug/m3
2023-04-28 18:00:00,Dandenong,-37.98576,145.1987,8.729,PM2.5,ug/m3
2023-04-28 18:00:00,Melton,-37.7064552,144.5669,6.295,PM2.5,ug/m3
2023-04-28 18:00:00,Melbourne CBD,-37.8073959,144.97,5.853,PM2.5,ug/m3
2023-04-28 18:00:00,Alphington,-37.7784081,145.0306,6.47,PM2.5,ug/m3
2023-04-28 18:00:00,Geelong South,-38.17356,144.3703,6.432,PM2.5,ug/m3
2023-04-28 18:00:00,Box Hill,-37.8287277,145.1324,3.913,PM2.5,ug/m3
2023-04-28 18:00:00,Footscray,-37.803709,144.869342,15.262,PM2.5,ug/m3
2023-04-28 18:00:00,Brighton,-37.9135475,144.998,6.925,PM2.5,ug/m3
2023-05-01 06:00:00,Dandenong,-37.98576,145.1987,9.362,PM2.5,ug/m3
2023-05-01 06:00:00,Melton,-37.7064552,144.5669,3.081,PM2.5,ug/m3
2023-05-01 06:00:00,Melbourne CBD,-37.8073959,144.97,7.676,PM2.5,ug/m3
2023-05-01 06:00:00,Alphington,-37.7784081,145.0306,11.431,PM2.5,ug/m3
2023-05-01 06:00:00,Geelong South,-38.17356,144.3703,10.692,PM2.5,ug/m3
2023-05-01 06:00:00,Box Hill,-37.8287277,145.1324,12.441,PM2.5,ug/m3
2023-05-01 06:00:00,Footscray,-37.803709,144.869342,6.188,PM2.5,ug/m3
2023-05-01 06:00:00,Brighton,-37.9135475,144.998,10.769,PM2.5,ug/m3
2023-05-01 12:00:00,Dandenong,-37.98576,145.1987,3.545,PM2.5,ug/m3
2023-05-01 12:00:00,Melton,-37.7064552,144.5669,7.29,PM2.5,ug/m3
2023-05-01 12:00:00,Melbourne CBD,-37.8073959,144.97,16.288,PM2.5,ug/m3
2023-05-01 12:00:00,Alphington,-37.7784081,145.0306,5.525,PM2.5,ug/m3
2023-05-01 12:00:00,Geelong South,-38.17356,144.3703,6.051,PM2.5,ug/m3
2023-05-01 12:00:00,Box Hill,-37.8287277,145.1324,6.786,PM2.5,ug/m3
2023-05-01 12:00:00,Footscray,-37.803709,144.869342,14.556,PM2.5,ug/m3
2023-05-01 12:00:00,Brighton,-37.9135475,144.998,6.479,PM2.5,ug/m3
2023-05-01 18:00:00,Dandenong,-37.98576,145.1987,6.474,PM2.5,ug/m3
2023-05-01 18:00:00,Melton,-37.7064552,144.5669,5.165,PM2.5,ug/m3
2023-05-01 18:00:00,Melbourne CBD,-37.8073959,144.97,6.736,PM2.5,ug/m3
2023-05-01 18:00:00,Alphington,-37.7784081,145.0306,6.085,PM2.5,ug/m3
2023-05-01 18:00:00,Geelong South,-38.17356,144.3703,11.879,PM2.5,ug/m3
2023-05-01 18:00:00,Box Hill,-37.8287277,145.1324,7.488,PM2.5,ug/m3
2023-05-01 18:00:00,Footscray,-37.803709,144.869342,12.469,PM2.5,ug/m3
2023-05-01 18:00:00,Brighton,-37.9135475,144.998,5.355,PM2.5,ug/m3
2023-05-15 06:00:00,Dandenong,-37.98576,145.1987,10.369,PM2.5,ug/m3
2023-05-15 06:00:00,Melton,-37.7064552,144.5669,10.011,PM2.5,ug/m3
2023-05-15 06:00:00,Melbourne CBD,-37.8073959,144.97,11.717,PM2.5,ug/m3
2023-05-15 06:00:00,Alphington,-37.7784081,145.0306,14.398,PM2.5,ug/m3
2023-05-15 06:00:00,Geelong South,-38.17356,144.3703,11.367,PM2.5,ug/m3
2023-05-15 06:00:00,Box Hill,-37.8287277,145.1324,8.079,PM2.5,ug/m3
2023-05-15 06:00:00,Footscray,-37.803709,144.869342,7.867,PM2.5,ug/m3
2023-05-15 06:00:00,Brighton,-37.9135475,144.998,12.336,PM2.5,ug/m3
2023-05-15 12:00:00,Dandenong,-37.98576,145.1987,12.081,PM2.5,ug/m3
2023-05-15 12:00:00,Melton,-37.7064552,144.5669,11.809,PM2.5,ug/m3
2023-05-15 12:00:00,Melbourne CBD,-37.8073959,144.97,9.248,PM2.5,ug/m3
2023-05-15 12:00:00,Alphington,-37.7784081,145.0306,8.601,PM2.5,ug/m3
2023-05-15 12:00:00,Geelong South,-38.17356,144.3703,8.515,PM2.5,ug/m3
2023-05-15 12:00:00,Box Hill,-37.8287277,145.1324,10.453,PM2.5,ug/m3
2023-05-15 12:00:00,Footscray,-37.803709,144.869342,17.84,PM2.5,ug/m3
2023-05-15 12:00:00,Brighton,-37.9135475,144.998,8.598,PM2.5,ug/m3
2023-05-15 18:00:00,Dandenong,-37.98576,145.1987,1.633,PM2.5,ug/m3
2023-05-15 18:00:00,Melton,-37.7064552,144.5669,6.363,PM2.5,ug/m3
2023-05-15 18:00:00,Melbourne CBD,-37.8073959,144.97,11.333,PM2.5,ug/m3
2023-05-15 18:00:00,Alphington,-37.7784081,145.0306,9.46,PM2.5,ug/m3
2023-05-15 18:00:00,Geelong South,-38.17356,144.3703,8.794,PM2.5,ug/m3
2023-05-15 18:00:00,Box Hill,-37.8287277,145.1324,7.61,PM2.5,ug/m3
2023-05-15 18:00:00,Footscray,-37.803709,144.869342,-2.161,PM2.5,ug/m3
2023-05-15 18:00:00,Brighton,-37.9135475,144.998,10.757,PM2.5,ug/m3
2023-05-28 06:00:00,Dandenong,-37.98576,145.1987,-1.159,PM2.5,ug/m3
2023-05-28 06:00:00,Melton,-37.7064552,144.5669,5.995,PM2.5,ug/m3
2023-05-28 06:00:00,Melbourne CBD,-37.8073959,144.97,5.156,PM2.5,ug/m3
2023-05-28 06:00:00,Alphington,-37.7784081,145.0306,5.008,PM2.5,ug/m3
2023-05-28 06:00:00,Geelong South,-38.17356,144.3703,2.388,PM2.5,ug/m3
2023-05-28 06:00:00,Box Hill,-37.8287277,145.1324,0.995,PM2.5,ug/m3
2023-05-28 06:00:00,Footscray,-37.803709,144.869342,-0.774,PM2.5,ug/m3
2023-05-28 06:00:00,Brighton,-37.9135475,144.998,3.202,PM2.5,ug/m3
2023-05-28 12:00:00,Dandenong,-37.98576,145.1987,-0.082,PM2.5,ug/m3
2023-05-28 12:00:00,Melton,-37.7064552,144.5669,0.113,PM2.5,ug/m3
2023-05-28 12:00:00,Melbourne CBD,-37.8073959,144.97,5.145,PM2.5,ug/m3
2023-05-28 12:00:00,Alphington,-37.7784081,145.0306,3.618,PM2.5,ug/m3
2023-05-28 12:00:00,Geelong South,-38.17356,144.3703,-0.355,PM2.5,ug/m3
2023-05-28 12:00:00,Box Hill,-37.8287277,145.1324,2.305,PM2.5,ug/m3
2023-05-28 12:00:00,Footscray,-37.803709,144.869342,-0.91,PM2.5,ug/m3
2023-05-28 12:00:00,Brighton,-37.9135475,144.998,1.428,PM2.5,ug/m3
2023-05-28 18:00:00,Dandenong,-37.98576,145.1987,2.354,PM2.5,ug/m3
2023-05-28 18:00:00,Melton,-37.7064552,144.5669,1.102,PM2.5,ug/m3
2023-05-28 18:00:00,Melbourne CBD,-37.8073959,144.97,2.476,PM2.5,ug/m3
2023-05-28 18:00:00,Alphington,-37.7784081,145.0306,0.136,PM2.5,ug/m3
2023-05-28 18:00:00,Geelong South,-38.17356,144.3703,0.369,PM2.5,ug/m3
2023-05-28 18:00:00,Box Hill,-37.8287277,145.1324,-0.125,PM2.5,ug/m3
2023-05-28 18:00:00,Footscray,-37.803709,144.869342,0.181,PM2.5,ug/m3
2023-05-28 18:00:00,Brighton,-37.9135475,144.998,4.626,PM2.5,ug/m3
2023-06-01 06:00:00,Dandenong,-37.98576,145.1987,3.36,PM2.5,ug/m3
2023-06-01 06:00:00,Melton,-37.7064552,144.5669,2.821,PM2.5,ug/m3
2023-06-01 06:00:00,Melbourne CBD,-37.8073959,144.97,10.062,PM2.5,ug/m3
2023-06-01 06:00:00,Geelong South,-38.17356,144.3703,3.41,PM2.5,ug/m3
2023-06-01 06:00:00,Box Hill,-37.8287277,145.1324,2.515,PM2.5,ug/m3
2023-06-01 06:00:00,Footscray,-37.803709,144.869342,11.213,PM2.5,ug/m3
2023-06-01 06:00:00,Brighton,-37.9135475,144.998,11.419,PM2.5,ug/m3
2023-06-01 12:00:00,Dandenong,-37.98576,145.1987,7.028,PM2.5,ug/m3
2023-06-01 12:00:00,Melton,-37.7064552,144.5669,8.789,PM2.5,ug/m3
2023-06-01 12:00:00,Melbourne CBD,-37.8073959,144.97,14.313,PM2.5,ug/m3
2023-06-01 12:00:00,Geelong South,-38.17356,144.3703,7.52,PM2.5,ug/m3
2023-06-01 12:00:00,Box Hill,-37.8287277,145.1324,9.52,PM2.5,ug/m3
2023-06-01 12:00:00,Footscray,-37.803709,144.869342,4.876,PM2.5,ug/m3
2023-06-01 12:00:00,Brighton,-37.9135475,144.998,7.8,PM2.5,ug/m3
2023-06-01 18:00:00,Dandenong,-37.98576,145.1987,13.564,PM2.5,ug/m3
2023-06-01 18:00:00,Melton,-37.7064552,144.5669,9.074,PM2.5,ug/m3
2023-06-01 18:00:00,Melbourne CBD,-37.8073959,144.97,10.359,PM2.5,ug/m3
2023-06-01 18:00:00,Geelong South,-38.17356,144.3703,14.205,PM2.5,ug/m3
2023-06-01 18:00:00,Box Hill,-37.8287277,145.1324,6.873,PM2.5,ug/m3
2023-06-01 18:00:00,Footscray,-37.803709,144.869342,11.138,PM2.5,ug/m3
2023-06-01 18:00:00,Brighton,-37.9135475,144.998,10.015,PM2.5,ug/m3
2023-06-15 06:00:00,Dandenong,-37.98576,145.1987,2.149,PM2.5,ug/m3
2023-06-15 06:00:00,Melton,-37.7064552,144.5669,2.105,PM2.5,ug/m3
2023-06-15 06:00:00,Melbourne CBD,-37.8073959,144.97,-0.188,PM2.5,ug/m3
2023-06-15 06:00:00,Alphington,-37.7784081,145.0306,3.875,PM2.5,ug/m3
2023-06-15 06:00:00,Geelong South,-38.17356,144.3703,-1.761,PM2.5,ug/m3
2023-06-15 06:00:00,Box Hill,-37.8287277,145.1324,4.228,PM2.5,ug/m3
2023-06-15 06:00:00,Footscray,-37.803709,144.869342,3.047,PM2.5,ug/m3
2023-06-15 06:00:00,Brighton,-37.9135475,144.998,4.393,PM2.5,ug/m3
2023-06-15 12:00:00,Dandenong,-37.98576,145.1987,1.442,PM2.5,ug/m3
2023-06-15 12:00:00,Melton,-37.7064552,144.5669,1.931,PM2.5,ug/m3
2023-06-15 12:00:00,Melbourne CBD,-37.8073959,144.97,0.049,PM2.5,ug/m3
2023-06-15 12:00:00,Alphington,-37.7784081,145.0306,3.865,PM2.5,ug/m3
2023-06-15 12:00:00,Geelong South,-38.17356,144.3703,-0.298,PM2.5,ug/m3
2023-06-15 12:00:00,Footscray,-37.803709,144.869342,3.042,PM2.5,ug/m3
2023-06-15 12:00:00,Brighton,-37.9135475,144.998,6.165,PM2.5,ug/m3
2023-06-15 18:00:00,Dandenong,-37.98576,145.1987,4.589,PM2.5,ug/m3
2023-06-15 18:00:00,Melton,-37.7064552,144.5669,5.81,PM2.5,ug/m3
2023-06-15 18:00:00,Melbourne CBD,-37.8073959,144.97,4.966,PM2.5,ug/m3
2023-06-15 18:00:00,Alphington,-37.7784081,145.0306,5.82,PM2.5,ug/m3
2023-06-15 18:00:00,Geelong South,-38.17356,144.3703,-0.177,PM2.5,ug/m3
2023-06-15 18:00:00,Footscray,-37.803709,144.869342,4.732,PM2.5,ug/m3
2023-06-15 18:00:00,Brighton,-37.9135475,144.998,1.789,PM2.5,ug/m3
2023-06-28 06:00:00,Dandenong,-37.98576,145.1987,-0.692,PM2.5,ug/m3
2023-06-28 06:00:00,Melton,-37.7064552,144.5669,2.078,PM2.5,ug/m3
2023-06-28 06:00:00,Melbourne CBD,-37.8073959,144.97,2.821,PM2.5,ug/m3
2023-06-28 06:00:00,Alphington,-37.7784081,145.0306,2.374,PM2.5,ug/m3
2023-06-28 06:00:00,Geelong South,-38.17356,144.3703,4.923,PM2.5,ug/m3
2023-06-28 06:00:00,Box Hill,-37.8287277,145.1324,3.232,PM2.5,ug/m3
2023-06-28 06:00:00,Brighton,-37.9135475,144.998,3.094,PM2.5,ug/m3
2023-06-28 12:00:00,Dandenong,-37.98576,145.1987,3.048,PM2.5,ug/m3
2023-06-28 12:00:00,Melton,-37.7064552,144.5669,3.997,PM2.5,ug/m3
2023-06-28 12:00:00,Melbourne CBD,-37.8073959,144.97,8.379,PM2.5,ug/m3
2023-06-28 12:00:00,Alphington,-37.7784081,145.0306,5.429,PM2.5,ug/m3
2023-06-28 12:00:00,Geelong South,-38.17356,144.3703,0.143,PM2.5,ug/m3
2023-06-28 12:00:00,Box Hill,-37.8287277,145.1324,7.014,PM2.5,ug/m3
2023-06-28 12:00:00,Brighton,-37.9135475,144.998,7,PM2.5,ug/m3
2023-06-28 18:00:00,Dandenong,-37.98576,145.1987,1.129,PM2.5,ug/m3
2023-06-28 18:00:00,Melton,-37.7064552,144.5669,0.839,PM2.5,ug/m3
2023-06-28 18:00:00,Melbourne CBD,-37.8073959,144.97,5.58,PM2.5,ug/m3
2023-06-28 18:00:00,Alphington,-37.7784081,145.0306,6.248,PM2.5,ug/m3
2023-06-28 18:00:00,Geelong South,-38.17356,144.3703,0.135,PM2.5,ug/m3
2023-06-28 18:00:00,Box Hill,-37.8287277,145.1324,7.633,PM2.5,ug/m3
2023-06-28 18:00:00,Brighton,-37.9135475,144.998,3.178,PM2.5,ug/m3
2023-07-01 06:00:00,Dandenong,-37.98576,145.1987,-0.165,PM2.5,ug/m3
2023-07-01 06:00:00,Melton,-37.7064552,144.5669,1.035,PM2.5,ug/m3
2023-07-01 06:00:00,Melbourne CBD,-37.8073959,144.97,2.716,PM2.5,ug/m3
2023-07-01 06:00:00,Alphington,-37.7784081,145.0306,2.593,PM2.5,ug/m3
2023-07-01 06:00:00,Geelong South,-38.17356,144.3703,1.289,PM2.5,ug/m3
2023-07-01 06:00:00,Box Hill,-37.8287277,145.1324,0.835,PM2.5,ug/m3
2023-07-01 06:00:00,Brighton,-37.9135475,144.998,8.587,PM2.5,ug/m3
2023-07-01 12:00:00,Dandenong,-37.98576,145.1987,2.12,PM2.5,ug/m3
2023-07-01 12:00:00,Melton,-37.7064552,144.5669,4.844,PM2.5,ug/m3
2023-07-01 12:00:00,Melbourne CBD,-37.8073959,144.97,6.14,PM2.5,ug/m3
2023-07-01 12:00:00,Alphington,-37.7784081,145.0306,4.433,PM2.5,ug/m3
2023-07-01 12:00:00,Geelong South,-38.17356,144.3703,2.982,PM2.5,ug/m3
2023-07-01 12:00:00,Box Hill,-37.8287277,145.1324,-1.527,PM2.5,ug/m3
2023-07-01 12:00:00,Brighton,-37.9135475,144.998,5.427,PM2.5,ug/m3
2023-07-01 18:00:00,Dandenong,-37.98576,145.1987,2.625,PM2.5,ug/m3
2023-07-01 18:00:00,Melton,-37.7064552,144.5669,2.91,PM2.5,ug/m3
2023-07-01 18:00:00,Melbourne CBD,-37.8073959,144.97,5.581,PM2.5,ug/m3
2023-07-01 18:00:00,Alphington,-37.7784081,145.0306,4.051,PM2.5,ug/m3
2023-07-01 18:00:00,Geelong South,-38.17356,144.3703,-1.594,PM2.5,ug/m3
2023-07-01 18:00:00,Box Hill,-37.8287277,145.1324,2.842,PM2.5,ug/m3
2023-07-01 18:00:00,Brighton,-37.9135475,144.998,10.605,PM2.5,ug/m3
2023-07-15 06:00:00,Dandenong,-37.98576,145.1987,-0.242,PM2.5,ug/m3
2023-07-15 06:00:00,Melton,-37.7064552,144.5669,2.594,PM2.5,ug/m3
2023-07-15 06:00:00,Melbourne CBD,-37.8073959,144.97,3.09,PM2.5,ug/m3
2023-07-15 06:00:00,Alphington,-37.7784081,145.0306,0.976,PM2.5,ug/m3
2023-07-15 06:00:00,Geelong South,-38.17356,144.3703,3.793,PM2.5,ug/m3
2023-07-15 06:00:00,Box Hill,-37.8287277,145.1324,-0.579,PM2.5,ug/m3
2023-07-15 06:00:00,Brighton,-37.9135475,144.998,2.868,PM2.5,ug/m3
2023-07-15 12:00:00,Dandenong,-37.98576,145.1987,4.279,PM2.5,ug/m3
2023-07-15 12:00:00,Melton,-37.7064552,144.5669,-0.181,PM2.5,ug/m3
2023-07-15 12:00:00,Melbourne CBD,-37.8073959,144.97,6.345,PM2.5,ug/m3
2023-07-15 12:00:00,Alphington,-37.7784081,145.0306,5.905,PM2.5,ug/m3
2023-07-15 12:00:00,Geelong South,-38.17356,144.3703,1.733,PM2.5,ug/m3
2023-07-15 12:00:00,Box Hill,-37.8287277,145.1324,2.51,PM2.5,ug/m3
2023-07-15 12:00:00,Brighton,-37.9135475,144.998,0.497,PM2.5,ug/m3
2023-07-15 18:00:00,Dandenong,-37.98576,145.1987,3.755,PM2.5,ug/m3
2023-07-15 18:00:00,Melton,-37.7064552,144.5669,4.828,PM2.5,ug/m3
2023-07-15 18:00:00,Melbourne CBD,-37.8073959,144.97,6.629,PM2.5,ug/m3
2023-07-15 18:00:00,Alphington,-37.7784081,145.0306,8.019,PM2.5,ug/m3
2023-07-15 18:00:00,Geelong South,-38.17356,144.3703,4.209,PM2.5,ug/m3
2023-07-15 18:00:00,Box Hill,-37.8287277,145.1324,5.817,PM2.5,ug/m3
2023-07-15 18:00:00,Brighton,-37.9135475,144.998,3.352,PM2.5,ug/m3
2023-07-28 06:00:00,Dandenong,-37.98576,145.1987,1.679,PM2.5,ug/m3
2023-07-28 06:00:00,Melton,-37.7064552,144.5669,0,PM2.5,ug/m3
2023-07-28 06:00:00,Melbourne CBD,-37.8073959,144.97,2.599,PM2.5,ug/m3
2023-07-28 06:00:00,Alphington,-37.7784081,145.0306,2.62,PM2.5,ug/m3
2023-07-28 06:00:00,Geelong South,-38.17356,144.3703,3.483,PM2.5,ug/m3
2023-07-28 06:00:00,Box Hill,-37.8287277,145.1324,4.789,PM2.5,ug/m3
2023-07-28 06:00:00,Brighton,-37.9135475,144.998,2.607,PM2.5,ug/m3
2023-07-28 12:00:00,Dandenong,-37.98576,145.1987,-1.218,PM2.5,ug/m3
2023-07-28 12:00:00,Melbourne CBD,-37.8073959,144.97,4.782,PM2.5,ug/m3
2023-07-28 12:00:00,Alphington,-37.7784081,145.0306,3.203,PM2.5,ug/m3
2023-07-28 12:00:00,Geelong South,-38.17356,144.3703,4.297,PM2.5,ug/m3
2023-07-28 12:00:00,Box Hill,-37.8287277,145.1324,6.118,PM2.5,ug/m3
2023-07-28 12:00:00,Brighton,-37.9135475,144.998,6.369,PM2.5,ug/m3
2023-07-28 18:00:00,Dandenong,-37.98576,145.1987,1.284,PM2.5,ug/m3
2023-07-28 18:00:00,Melton,-37.7064552,144.5669,2.817,PM2.5,ug/m3
2023-07-28 18:00:00,Melbourne CBD,-37.8073959,144.97,4.251,PM2.5,ug/m3
2023-07-28 18:00:00,Alphington,-37.7784081,145.0306,3.854,PM2.5,ug/m3
2023-07-28 18:00:00,Geelong South,-38.17356,144.3703,3.579,PM2.5,ug/m3
2023-07-28 18:00:00,Box Hill,-37.8287277,145.1324,1.56,PM2.5,ug/m3
2023-07-28 18:00:00,Brighton,-37.9135475,144.998,7.101,PM2.5,ug/m3
2023-08-01 06:00:00,Dandenong,-37.98576,145.1987,3.476,PM2.5,ug/m3
2023-08-01 06:00:00,Melton,-37.7064552,144.5669,-0.169,PM2.5,ug/m3
2023-08-01 06:00:00,Melbourne CBD,-37.8073959,144.97,1.145,PM2.5,ug/m3
2023-08-01 06:00:00,Alphington,-37.7784081,145.0306,3.456,PM2.5,ug/m3
2023-08-01 06:00:00,Geelong South,-38.17356,144.3703,1.539,PM2.5,ug/m3
2023-08-01 06:00:00,Box Hill,-37.8287277,145.1324,1.302,PM2.5,ug/m3
2023-08-01 06:00:00,Brighton,-37.9135475,144.998,4.938,PM2.5,ug/m3
2023-08-01 12:00:00,Dandenong,-37.98576,145.1987,2.871,PM2.5,ug/m3
2023-08-01 12:00:00,Melton,-37.7064552,144.5669,5.241,PM2.5,ug/m3
2023-08-01 12:00:00,Melbourne CBD,-37.8073959,144.97,10.444,PM2.5,ug/m3
2023-08-01 12:00:00,Alphington,-37.7784081,145.0306,4.859,PM2.5,ug/m3
2023-08-01 12:00:00,Geelong South,-38.17356,144.3703,11.192,PM2.5,ug/m3
2023-08-01 12:00:00,Box Hill,-37.8287277,145.1324,6.875,PM2.5,ug/m3
2023-08-01 12:00:00,Brighton,-37.9135475,144.998,8.02,PM2.5,ug/m3
2023-08-01 18:00:00,Dandenong,-37.98576,145.1987,12.163,PM2.5,ug/m3
2023-08-01 18:00:00,Melton,-37.7064552,144.5669,10.718,PM2.5,ug/m3
2023-08-01 18:00:00,Melbourne CBD,-37.8073959,144.97,15.286,PM2.5,ug/m3
2023-08-01 18:00:00,Alphington,-37.7784081,145.0306,11.478,PM2.5,ug/m3
2023-08-01 18:00:00,Geelong South,-38.17356,144.3703,9.72,PM2.5,ug/m3
2023-08-01 18:00:00,Box Hill,-37.8287277,145.1324,5.696,PM2.5,ug/m3
2023-08-01 18:00:00,Brighton,-37.9135475,144.998,11.743,PM2.5,ug/m3
2023-08-15 06:00:00,Dandenong,-37.98576,145.1987,9.417,PM2.5,ug/m3
2023-08-15 06:00:00,Melton,-37.7064552,144.5669,1.342,PM2.5,ug/m3
2023-08-15 06:00:00,Melbourne CBD,-37.8073959,144.97,7.46,PM2.5,ug/m3
2023-08-15 06:00:00,Alphington,-37.7784081,145.0306,12.584,PM2.5,ug/m3
2023-08-15 06:00:00,Box Hill,-37.8287277,145.1324,12.968,PM2.5,ug/m3
2023-08-15 06:00:00,Brighton,-37.9135475,144.998,5.195,PM2.5,ug/m3
2023-08-15 12:00:00,Dandenong,-37.98576,145.1987,15.557,PM2.5,ug/m3
2023-08-15 12:00:00,Melton,-37.7064552,144.5669,1.752,PM2.5,ug/m3
2023-08-15 12:00:00,Melbourne CBD,-37.8073959,144.97,10.321,PM2.5,ug/m3
2023-08-15 12:00:00,Alphington,-37.7784081,145.0306,11.594,PM2.5,ug/m3
2023-08-15 12:00:00,Geelong South,-38.17356,144.3703,5.197,PM2.5,ug/m3
2023-08-15 12:00:00,Brighton,-37.9135475,144.998,10.742,PM2.5,ug/m3
2023-08-15 18:00:00,Dandenong,-37.98576,145.1987,5.394,PM2.5,ug/m3
2023-08-15 18:00:00,Melton,-37.7064552,144.5669,3.591,PM2.5,ug/m3
2023-08-15 18:00:00,Melbourne CBD,-37.8073959,144.97,0.567,PM2.5,ug/m3
2023-08-15 18:00:00,Alphington,-37.7784081,145.0306,2.499,PM2.5,ug/m3
2023-08-15 18:00:00,Geelong South,-38.17356,144.3703,4.033,PM2.5,ug/m3
2023-08-15 18:00:00,Box Hill,-37.8287277,145.1324,2.685,PM2.5,ug/m3
2023-08-15 18:00:00,Brighton,-37.9135475,144.998,-2.02,PM2.5,ug/m3
2023-08-28 06:00:00,Dandenong,-37.98576,145.1987,9.706,PM2.5,ug/m3
2023-08-28 06:00:00,Melton,-37.7064552,144.5669,5.405,PM2.5,ug/m3
2023-08-28 06:00:00,Melbourne CBD,-37.8073959,144.97,13.568,PM2.5,ug/m3
2023-08-28 06:00:00,Alphington,-37.7784081,145.0306,12.358,PM2.5,ug/m3
2023-08-28 06:00:00,Geelong South,-38.17356,144.3703,3.616,PM2.5,ug/m3
2023-08-28 06:00:00,Box Hill,-37.8287277,145.1324,11.933,PM2.5,ug/m3
2023-08-28 06:00:00,Brighton,-37.9135475,144.998,16.402,PM2.5,ug/m3
2023-08-28 12:00:00,Dandenong,-37.98576,145.1987,15.78,PM2.5,ug/m3
2023-08-28 12:00:00,Melton,-37.7064552,144.5669,11.851,PM2.5,ug/m3
2023-08-28 12:00:00,Melbourne CBD,-37.8073959,144.97,17.467,PM2.5,ug/m3
2023-08-28 12:00:00,Alphington,-37.7784081,145.0306,14.081,PM2.5,ug/m3
2023-08-28 12:00:00,Geelong South,-38.17356,144.3703,5.182,PM2.5,ug/m3
2023-08-28 12:00:00,Box Hill,-37.8287277,145.1324,12.631,PM2.5,ug/m3
2023-08-28 12:00:00,Brighton,-37.9135475,144.998,25.459,PM2.5,ug/m3
2023-08-28 18:00:00,Dandenong,-37.98576,145.1987,12.344,PM2.5,ug/m3
2023-08-28 18:00:00,Melton,-37.7064552,144.5669,9.868,PM2.5,ug/m3
2023-08-28 18:00:00,Melbourne CBD,-37.8073959,144.97,12.469,PM2.5,ug/m3
2023-08-28 18:00:00,Alphington,-37.7784081,145.0306,9.42,PM2.5,ug/m3
2023-08-28 18:00:00,Geelong South,-38.17356,144.3703,6.773,PM2.5,ug/m3
2023-08-28 18:00:00,Box Hill,-37.8287277,145.1324,10.701,PM2.5,ug/m3
2023-08-28 18:00:00,Brighton,-37.9135475,144.998,10.887,PM2.5,ug/m3
2023-09-01 06:00:00,Dandenong,-37.98576,145.1987,8.526,PM2.5,ug/m3
2023-09-01 06:00:00,Melton,-37.7064552,144.5669,3.323,PM2.5,ug/m3
2023-09-01 06:00:00,Melbourne CBD,-37.8073959,144.97,9.069,PM2.5,ug/m3
2023-09-01 06:00:00,Alphington,-37.7784081,145.0306,5.271,PM2.5,ug/m3
2023-09-01 06:00:00,Geelong South,-38.17356,144.3703,2.053,PM2.5,ug/m3
2023-09-01 06:00:00,Box Hill,-37.8287277,145.1324,2.779,PM2.5,ug/m3
2023-09-01 06:00:00,Brighton,-37.9135475,144.998,7.948,PM2.5,ug/m3
2023-09-01 12:00:00,Dandenong,-37.98576,145.1987,7.809,PM2.5,ug/m3
2023-09-01 12:00:00,Melton,-37.7064552,144.5669,9.938,PM2.5,ug/m3
2023-09-01 12:00:00,Melbourne CBD,-37.8073959,144.97,14.696,PM2.5,ug/m3
2023-09-01 12:00:00,Alphington,-37.7784081,145.0306,5.997,PM2.5,ug/m3
2023-09-01 12:00:00,Geelong South,-38.17356,144.3703,8.851,PM2.5,ug/m3
2023-09-01 12:00:00,Box Hill,-37.8287277,145.1324,9.433,PM2.5,ug/m3
2023-09-01 12:00:00,Brighton,-37.9135475,144.998,12.23,PM2.5,ug/m3
2023-09-01 18:00:00,Dandenong,-37.98576,145.1987,10.431,PM2.5,ug/m3
2023-09-01 18:00:00,Melton,-37.7064552,144.5669,4.964,PM2.5,ug/m3
2023-09-01 18:00:00,Melbourne CBD,-37.8073959,144.97,10.262,PM2.5,ug/m3
2023-09-01 18:00:00,Alphington,-37.7784081,145.0306,9.135,PM2.5,ug/m3
2023-09-01 18:00:00,Geelong South,-38.17356,144.3703,3.025,PM2.5,ug/m3
2023-09-01 18:00:00,Box Hill,-37.8287277,145.1324,8.933,PM2.5,ug/m3
2023-09-01 18:00:00,Brighton,-37.9135475,144.998,8.758,PM2.5,ug/m3
2023-09-15 06:00:00,Dandenong,-37.98576,145.1987,9.967,PM2.5,ug/m3
2023-09-15 06:00:00,Melton,-37.7064552,144.5669,3.988,PM2.5,ug/m3
2023-09-15 06:00:00,Melbourne CBD,-37.8073959,144.97,6.149,PM2.5,ug/m3
2023-09-15 06:00:00,Alphington,-37.7784081,145.0306,4.408,PM2.5,ug/m3
2023-09-15 06:00:00,Geelong South,-38.17356,144.3703,5.606,PM2.5,ug/m3
2023-09-15 06:00:00,Box Hill,-37.8287277,145.1324,3.677,PM2.5,ug/m3
2023-09-15 06:00:00,Brighton,-37.9135475,144.998,4.963,PM2.5,ug/m3
2023-09-15 12:00:00,Dandenong,-37.98576,145.1987,7.611,PM2.5,ug/m3
2023-09-15 12:00:00,Melton,-37.7064552,144.5669,13.397,PM2.5,ug/m3
2023-09-15 12:00:00,Melbourne CBD,-37.8073959,144.97,7.052,PM2.5,ug/m3
2023-09-15 12:00:00,Alphington,-37.7784081,145.0306,6.144,PM2.5,ug/m3
2023-09-15 12:00:00,Geelong South,-38.17356,144.3703,5.186,PM2.5,ug/m3
2023-09-15 12:00:00,Box Hill,-37.8287277,145.1324,4.319,PM2.5,ug/m3
2023-09-15 12:00:00,Brighton,-37.9135475,144.998,7.427,PM2.5,ug/m3
2023-09-15 18:00:00,Dandenong,-37.98576,145.1987,-1.667,PM2.5,ug/m3
2023-09-15 18:00:00,Melton,-37.7064552,144.5669,3.436,PM2.5,ug/m3
2023-09-15 18:00:00,Melbourne CBD,-37.8073959,144.97,14.078,PM2.5,ug/m3
2023-09-15 18:00:00,Alphington,-37.7784081,145.0306,5.508,PM2.5,ug/m3
2023-09-15 18:00:00,Geelong South,-38.17356,144.3703,0.891,PM2.5,ug/m3
2023-09-15 18:00:00,Box Hill,-37.8287277,145.1324,5.649,PM2.5,ug/m3
2023-09-15 18:00:00,Brighton,-37.9135475,144.998,4.363,PM2.5,ug/m3
2023-09-28 06:00:00,Dandenong,-37.98576,145.1987,3.086,PM2.5,ug/m3
2023-09-28 06:00:00,Melton,-37.7064552,144.5669,1.984,PM2.5,ug/m3
2023-09-28 06:00:00,Melbourne CBD,-37.8073959,144.97,8.275,PM2.5,ug/m3
2023-09-28 06:00:00,Alphington,-37.7784081,145.0306,1.936,PM2.5,ug/m3
2023-09-28 06:00:00,Geelong South,-38.17356,144.3703,3.536,PM2.5,ug/m3
2023-09-28 06:00:00,Box Hill,-37.8287277,145.1324,4.109,PM2.5,ug/m3
2023-09-28 06:00:00,Brighton,-37.9135475,144.998,2.768,PM2.5,ug/m3
2023-09-28 12:00:00,Melton,-37.7064552,144.5669,27,PM2.5,ug/m3
2023-09-28 12:00:00,Melbourne CBD,-37.8073959,144.97,12.519,PM2.5,ug/m3
2023-09-28 12:00:00,Alphington,-37.7784081,145.0306,11.803,PM2.5,ug/m3
2023-09-28 12:00:00,Geelong South,-38.17356,144.3703,9.675,PM2.5,ug/m3
2023-09-28 12:00:00,Box Hill,-37.8287277,145.1324,5.743,PM2.5,ug/m3
2023-09-28 12:00:00,Brighton,-37.9135475,144.998,10.494,PM2.5,ug/m3
2023-09-28 18:00:00,Dandenong,-37.98576,145.1987,10.502,PM2.5,ug/m3
2023-09-28 18:00:00,Melton,-37.7064552,144.5669,0.477,PM2.5,ug/m3
2023-09-28 18:00:00,Melbourne CBD,-37.8073959,144.97,9.758,PM2.5,ug/m3
2023-09-28 18:00:00,Alphington,-37.7784081,145.0306,8.906,PM2.5,ug/m3
2023-09-28 18:00:00,Geelong South,-38.17356,144.3703,3.909,PM2.5,ug/m3
2023-09-28 18:00:00,Box Hill,-37.8287277,145.1324,8.436,PM2.5,ug/m3
2023-09-28 18:00:00,Brighton,-37.9135475,144.998,7.162,PM2.5,ug/m3
2023-10-01 06:00:00,Dandenong,-37.98576,145.1987,5.277,PM2.5,ug/m3
2023-10-01 06:00:00,Melton,-37.7064552,144.5669,7.39,PM2.5,ug/m3
2023-10-01 06:00:00,Melbourne CBD,-37.8073959,144.97,5.875,PM2.5,ug/m3
2023-10-01 06:00:00,Alphington,-37.7784081,145.0306,5.583,PM2.5,ug/m3
2023-10-01 06:00:00,Geelong South,-38.17356,144.3703,3.851,PM2.5,ug/m3
2023-10-01 06:00:00,Box Hill,-37.8287277,145.1324,6.89,PM2.5,ug/m3
2023-10-01 06:00:00,Brighton,-37.9135475,144.998,5.276,PM2.5,ug/m3
2023-10-01 12:00:00,Dandenong,-37.98576,145.1987,7.395,PM2.5,ug/m3
2023-10-01 12:00:00,Melton,-37.7064552,144.5669,29.466,PM2.5,ug/m3
2023-10-01 12:00:00,Melbourne CBD,-37.8073959,144.97,8.647,PM2.5,ug/m3
2023-10-01 12:00:00,Alphington,-37.7784081,145.0306,9.31,PM2.5,ug/m3
2023-10-01 12:00:00,Geelong South,-38.17356,144.3703,7.5,PM2.5,ug/m3
2023-10-01 12:00:00,Box Hill,-37.8287277,145.1324,6.141,PM2.5,ug/m3
2023-10-01 12:00:00,Brighton,-37.9135475,144.998,9.844,PM2.5,ug/m3
2023-10-01 18:00:00,Dandenong,-37.98576,145.1987,4.067,PM2.5,ug/m3
2023-10-01 18:00:00,Melton,-37.7064552,144.5669,2.782,PM2.5,ug/m3
2023-10-01 18:00:00,Melbourne CBD,-37.8073959,144.97,10.789,PM2.5,ug/m3
2023-10-01 18:00:00,Alphington,-37.7784081,145.0306,7.348,PM2.5,ug/m3
2023-10-01 18:00:00,Geelong South,-38.17356,144.3703,3.667,PM2.5,ug/m3
2023-10-01 18:00:00,Box Hill,-37.8287277,145.1324,5.004,PM2.5,ug/m3
2023-10-01 18:00:00,Brighton,-37.9135475,144.998,7.341,PM2.5,ug/m3
2023-10-15 06:00:00,Dandenong,-37.98576,145.1987,5.717,PM2.5,ug/m3
2023-10-15 06:00:00,Melton,-37.7064552,144.5669,3.003,PM2.5,ug/m3
2023-10-15 06:00:00,Melbourne CBD,-37.8073959,144.97,2.968,PM2.5,ug/m3
2023-10-15 06:00:00,Alphington,-37.7784081,145.0306,7.018,PM2.5,ug/m3
2023-10-15 06:00:00,Geelong South,-38.17356,144.3703,0.822,PM2.5,ug/m3
2023-10-15 06:00:00,Box Hill,-37.8287277,145.1324,6.085,PM2.5,ug/m3
2023-10-15 12:00:00,Dandenong,-37.98576,145.1987,1.881,PM2.5,ug/m3
2023-10-15 12:00:00,Melton,-37.7064552,144.5669,0,PM2.5,ug/m3
2023-10-15 12:00:00,Melbourne CBD,-37.8073959,144.97,32,PM2.5,ug/m3
2023-10-15 12:00:00,Alphington,-37.7784081,145.0306,14.189,PM2.5,ug/m3
2023-10-15 12:00:00,Geelong South,-38.17356,144.3703,0.761,PM2.5,ug/m3
2023-10-15 12:00:00,Box Hill,-37.8287277,145.1324,0.477,PM2.5,ug/m3
2023-10-15 18:00:00,Dandenong,-37.98576,145.1987,4.724,PM2.5,ug/m3
2023-10-15 18:00:00,Melton,-37.7064552,144.5669,1.342,PM2.5,ug/m3
2023-10-15 18:00:00,Melbourne CBD,-37.8073959,144.97,4.085,PM2.5,ug/m3
2023-10-15 18:00:00,Alphington,-37.7784081,145.0306,-2.657,PM2.5,ug/m3
2023-10-15 18:00:00,Geelong South,-38.17356,144.3703,-2.819,PM2.5,ug/m3
2023-10-15 18:00:00,Box Hill,-37.8287277,145.1324,2.789,PM2.5,ug/m3
2023-10-28 06:00:00,Dandenong,-37.98576,145.1987,4.803,PM2.5,ug/m3
2023-10-28 06:00:00,Melton,-37.7064552,144.5669,4.478,PM2.5,ug/m3
2023-10-28 06:00:00,Melbourne CBD,-37.8073959,144.97,10.347,PM2.5,ug/m3
2023-10-28 06:00:00,Alphington,-37.7784081,145.0306,8.59,PM2.5,ug/m3
2023-10-28 06:00:00,Geelong South,-38.17356,144.3703,4.112,PM2.5,ug/m3
2023-10-28 06:00:00,Box Hill,-37.8287277,145.1324,3.481,PM2.5,ug/m3
2023-10-28 12:00:00,Dandenong,-37.98576,145.1987,2.237,PM2.5,ug/m3
2023-10-28 12:00:00,Melton,-37.7064552,144.5669,8.225,PM2.5,ug/m3
2023-10-28 12:00:00,Melbourne CBD,-37.8073959,144.97,5.697,PM2.5,ug/m3
2023-10-28 12:00:00,Alphington,-37.7784081,145.0306,6.184,PM2.5,ug/m3
2023-10-28 12:00:00,Geelong South,-38.17356,144.3703,5.904,PM2.5,ug/m3
2023-10-28 12:00:00,Box Hill,-37.8287277,145.1324,3.164,PM2.5,ug/m3
2023-10-28 18:00:00,Dandenong,-37.98576,145.1987,-1.022,PM2.5,ug/m3
2023-10-28 18:00:00,Melton,-37.7064552,144.5669,4.945,PM2.5,ug/m3
2023-10-28 18:00:00,Melbourne CBD,-37.8073959,144.97,7.14,PM2.5,ug/m3
2023-10-28 18:00:00,Alphington,-37.7784081,145.0306,8.509,PM2.5,ug/m3
2023-10-28 18:00:00,Geelong South,-38.17356,144.3703,2.105,PM2.5,ug/m3
2023-10-28 18:00:00,Box Hill,-37.8287277,145.1324,3.051,PM2.5,ug/m3
2023-11-01 06:00:00,Dandenong,-37.98576,145.1987,8.241,PM2.5,ug/m3
2023-11-01 06:00:00,Melton,-37.7064552,144.5669,2.079,PM2.5,ug/m3
2023-11-01 06:00:00,Melbourne CBD,-37.8073959,144.97,2.458,PM2.5,ug/m3
2023-11-01 06:00:00,Alphington,-37.7784081,145.0306,3.555,PM2.5,ug/m3
2023-11-01 06:00:00,Geelong South,-38.17356,144.3703,0.37,PM2.5,ug/m3
2023-11-01 12:00:00,Dandenong,-37.98576,145.1987,4.696,PM2.5,ug/m3
2023-11-01 12:00:00,Melton,-37.7064552,144.5669,7.556,PM2.5,ug/m3
2023-11-01 12:00:00,Melbourne CBD,-37.8073959,144.97,9.913,PM2.5,ug/m3
2023-11-01 12:00:00,Alphington,-37.7784081,145.0306,24.056,PM2.5,ug/m3
2023-11-01 12:00:00,Geelong South,-38.17356,144.3703,4.854,PM2.5,ug/m3
2023-11-01 18:00:00,Dandenong,-37.98576,145.1987,-0.711,PM2.5,ug/m3
2023-11-01 18:00:00,Melton,-37.7064552,144.5669,4.585,PM2.5,ug/m3
2023-11-01 18:00:00,Melbourne CBD,-37.8073959,144.97,4.366,PM2.5,ug/m3
2023-11-01 18:00:00,Alphington,-37.7784081,145.0306,1.987,PM2.5,ug/m3
2023-11-01 18:00:00,Geelong South,-38.17356,144.3703,1.856,PM2.5,ug/m3
2023-11-15 06:00:00,Dandenong,-37.98576,145.1987,7.499,PM2.5,ug/m3
2023-11-15 06:00:00,Melton,-37.7064552,144.5669,1.056,PM2.5,ug/m3
2023-11-15 06:00:00,Melbourne CBD,-37.8073959,144.97,4.029,PM2.5,ug/m3
2023-11-15 06:00:00,Alphington,-37.7784081,145.0306,2.771,PM2.5,ug/m3
2023-11-15 06:00:00,Geelong South,-38.17356,144.3703,6.687,PM2.5,ug/m3
2023-11-15 12:00:00,Dandenong,-37.98576,145.1987,7.778,PM2.5,ug/m3
2023-11-15 12:00:00,Melton,-37.7064552,144.5669,9.792,PM2.5,ug/m3
2023-11-15 12:00:00,Melbourne CBD,-37.8073959,144.97,12.516,PM2.5,ug/m3
2023-11-15 12:00:00,Alphington,-37.7784081,145.0306,3.567,PM2.5,ug/m3
2023-11-15 12:00:00,Geelong South,-38.17356,144.3703,7.662,PM2.5,ug/m3
2023-11-15 18:00:00,Dandenong,-37.98576,145.1987,7.721,PM2.5,ug/m3
2023-11-15 18:00:00,Melton,-37.7064552,144.5669,1.762,PM2.5,ug/m3
2023-11-15 18:00:00,Melbourne CBD,-37.8073959,144.97,11.49,PM2.5,ug/m3
2023-11-15 18:00:00,Alphington,-37.7784081,145.0306,10.54,PM2.5,ug/m3
2023-11-15 18:00:00,Geelong South,-38.17356,144.3703,8.833,PM2.5,ug/m3
2023-11-28 06:00:00,Dandenong,-37.98576,145.1987,3.006,PM2.5,ug/m3
2023-11-28 06:00:00,Melton,-37.7064552,144.5669,2.678,PM2.5,ug/m3
2023-11-28 06:00:00,Melbourne CBD,-37.8073959,144.97,4.123,PM2.5,ug/m3
2023-11-28 06:00:00,Alphington,-37.7784081,145.0306,1.206,PM2.5,ug/m3
2023-11-28 06:00:00,Geelong South,-38.17356,144.3703,2.462,PM2.5,ug/m3
2023-11-28 06:00:00,Box Hill,-37.8287277,145.1324,2.842,PM2.5,ug/m3
2023-11-28 12:00:00,Dandenong,-37.98576,145.1987,-0.086,PM2.5,ug/m3
2023-11-28 12:00:00,Melton,-37.7064552,144.5669,10.419,PM2.5,ug/m3
2023-11-28 12:00:00,Melbourne CBD,-37.8073959,144.97,8.212,PM2.5,ug/m3
2023-11-28 12:00:00,Alphington,-37.7784081,145.0306,9.147,PM2.5,ug/m3
2023-11-28 12:00:00,Geelong South,-38.17356,144.3703,2.9,PM2.5,ug/m3
2023-11-28 18:00:00,Dandenong,-37.98576,145.1987,1.392,PM2.5,ug/m3
2023-11-28 18:00:00,Melton,-37.7064552,144.5669,12.362,PM2.5,ug/m3
2023-11-28 18:00:00,Melbourne CBD,-37.8073959,144.97,12.346,PM2.5,ug/m3
2023-11-28 18:00:00,Alphington,-37.7784081,145.0306,1.026,PM2.5,ug/m3
2023-11-28 18:00:00,Geelong South,-38.17356,144.3703,7.642,PM2.5,ug/m3
2023-11-28 18:00:00,Box Hill,-37.8287277,145.1324,5.372,PM2.5,ug/m3
2023-12-01 06:00:00,Dandenong,-37.98576,145.1987,5.306,PM2.5,ug/m3
2023-12-01 06:00:00,Melbourne CBD,-37.8073959,144.97,4.152,PM2.5,ug/m3
2023-12-01 06:00:00,Alphington,-37.7784081,145.0306,2.887,PM2.5,ug/m3
2023-12-01 06:00:00,Geelong South,-38.17356,144.3703,6.092,PM2.5,ug/m3
2023-12-01 06:00:00,Box Hill,-37.8287277,145.1324,2.908,PM2.5,ug/m3
2023-12-01 06:00:00,Brighton,-37.9135475,144.998,4.549,PM2.5,ug/m3
2023-12-01 12:00:00,Dandenong,-37.98576,145.1987,7.022,PM2.5,ug/m3
2023-12-01 12:00:00,Melbourne CBD,-37.8073959,144.97,8.6,PM2.5,ug/m3
2023-12-01 12:00:00,Alphington,-37.7784081,145.0306,2.144,PM2.5,ug/m3
2023-12-01 12:00:00,Geelong South,-38.17356,144.3703,8.824,PM2.5,ug/m3
2023-12-01 12:00:00,Box Hill,-37.8287277,145.1324,2.547,PM2.5,ug/m3
2023-12-01 12:00:00,Brighton,-37.9135475,144.998,5.316,PM2.5,ug/m3
2023-12-01 18:00:00,Dandenong,-37.98576,145.1987,2.463,PM2.5,ug/m3
2023-12-01 18:00:00,Melbourne CBD,-37.8073959,144.97,5.499,PM2.5,ug/m3
2023-12-01 18:00:00,Alphington,-37.7784081,145.0306,5.545,PM2.5,ug/m3
2023-12-01 18:00:00,Geelong South,-38.17356,144.3703,5.471,PM2.5,ug/m3
2023-12-01 18:00:00,Box Hill,-37.8287277,145.1324,6.782,PM2.5,ug/m3
2023-12-01 18:00:00,Brighton,-37.9135475,144.998,1.006,PM2.5,ug/m3
2023-12-15 06:00:00,Dandenong,-37.98576,145.1987,4.935,PM2.5,ug/m3
2023-12-15 06:00:00,Melton,-37.7064552,144.5669,2.692,PM2.5,ug/m3
2023-12-15 06:00:00,Melbourne CBD,-37.8073959,144.97,6.039,PM2.5,ug/m3
2023-12-15 06:00:00,Alphington,-37.7784081,145.0306,7.019,PM2.5,ug/m3
2023-12-15 06:00:00,Geelong South,-38.17356,144.3703,4.13,PM2.5,ug/m3
2023-12-15 06:00:00,Box Hill,-37.8287277,145.1324,2.1,PM2.5,ug/m3
2023-12-15 06:00:00,Brighton,-37.9135475,144.998,5.51,PM2.5,ug/m3
2023-12-15 12:00:00,Dandenong,-37.98576,145.1987,6.122,PM2.5,ug/m3
2023-12-15 12:00:00,Melton,-37.7064552,144.5669,11.087,PM2.5,ug/m3
2023-12-15 12:00:00,Melbourne CBD,-37.8073959,144.97,9.388,PM2.5,ug/m3
2023-12-15 12:00:00,Alphington,-37.7784081,145.0306,12.828,PM2.5,ug/m3
2023-12-15 12:00:00,Geelong South,-38.17356,144.3703,4.549,PM2.5,ug/m3
2023-12-15 12:00:00,Box Hill,-37.8287277,145.1324,9.203,PM2.5,ug/m3
2023-12-15 12:00:00,Brighton,-37.9135475,144.998,7.196,PM2.5,ug/m3
2023-12-15 18:00:00,Dandenong,-37.98576,145.1987,2.876,PM2.5,ug/m3
2023-12-15 18:00:00,Melton,-37.7064552,144.5669,0.229,PM2.5,ug/m3
2023-12-15 18:00:00,Melbourne CBD,-37.8073959,144.97,8.78,PM2.5,ug/m3
2023-12-15 18:00:00,Alphington,-37.7784081,145.0306,7.446,PM2.5,ug/m3
2023-12-15 18:00:00,Geelong South,-38.17356,144.3703,4.014,PM2.5,ug/m3
2023-12-15 18:00:00,Box Hill,-37.8287277,145.1324,2.945,PM2.5,ug/m3
2023-12-15 18:00:00,Brighton,-37.9135475,144.998,4.094,PM2.5,ug/m3
2023-12-28 06:00:00,Dandenong,-37.98576,145.1987,4.199,PM2.5,ug/m3
2023-12-28 06:00:00,Melbourne CBD,-37.8073959,144.97,5.756,PM2.5,ug/m3
2023-12-28 06:00:00,Alphington,-37.7784081,145.0306,3.934,PM2.5,ug/m3
2023-12-28 06:00:00,Melton,-37.7064552,144.5669,1.346,PM2.5,ug/m3
2023-12-28 06:00:00,Geelong South,-38.17356,144.3703,5.102,PM2.5,ug/m3
2023-12-28 06:00:00,Box Hill,-37.8287277,145.1324,4.483,PM2.5,ug/m3
2023-12-28 06:00:00,Brighton,-37.9135475,144.998,5.782,PM2.5,ug/m3
2023-12-28 12:00:00,Dandenong,-37.98576,145.1987,5.518,PM2.5,ug/m3
2023-12-28 12:00:00,Melton,-37.7064552,144.5669,2.068,PM2.5,ug/m3
2023-12-28 12:00:00,Melbourne CBD,-37.8073959,144.97,8.693,PM2.5,ug/m3
2023-12-28 12:00:00,Alphington,-37.7784081,145.0306,8.514,PM2.5,ug/m3
2023-12-28 12:00:00,Box Hill,-37.8287277,145.1324,-0.308,PM2.5,ug/m3
2023-12-28 12:00:00,Geelong South,-38.17356,144.3703,-2.097,PM2.5,ug/m3
2023-12-28 12:00:00,Brighton,-37.9135475,144.998,10.505,PM2.5,ug/m3
2023-12-28 18:00:00,Dandenong,-37.98576,145.1987,6.154,PM2.5,ug/m3
2023-12-28 18:00:00,Melton,-37.7064552,144.5669,-2.175,PM2.5,ug/m3
2023-12-28 18:00:00,Melbourne CBD,-37.8073959,144.97,7.13,PM2.5,ug/m3
2023-12-28 18:00:00,Alphington,-37.7784081,145.0306,-0.315,PM2.5,ug/m3
2023-12-28 18:00:00,Geelong South,-38.17356,144.3703,1.784,PM2.5,ug/m3
2023-12-28 18:00:00,Box Hill,-37.8287277,145.1324,3.404,PM2.5,ug/m3
2023-12-28 18:00:00,Brighton,-37.9135475,144.998,3.321,PM2.5,ug/m3